Year,Location of death (state),count
2000,Georgia,1
2000,Georgia,1
2000,Georgia,1
2000,Georgia,1
2000,Georgia,1
2000,Georgia,1
2000,Georgia,1
2000,Georgia,1
2000,Georgia,1
2000,Georgia,1
2000,Georgia,1
2000,Georgia,1
2000,Georgia,1
2000,Georgia,1
2000,Georgia,1
2000,Georgia,1
2000,Georgia,1
2000,Georgia,1
2000,Georgia,1
2000,Georgia,1
2000,Georgia,1
2000,Georgia,1
2000,Georgia,1
2000,Georgia,1
2000,Georgia,1
2000,Georgia,1
2000,Georgia,1
2000,Georgia,1
2000,Georgia,1
2000,Georgia,1
2000,Georgia,1
2000,Georgia,1
2000,Georgia,1
2000,Georgia,1
2001,Georgia,1
2001,Georgia,1
2001,Georgia,1
2001,Georgia,1
2001,Georgia,1
2001,Georgia,1
2001,Georgia,1
2001,Georgia,1
2001,Georgia,1
2001,Georgia,1
2001,Georgia,1
2001,Georgia,1
2001,Georgia,1
2001,Georgia,1
2001,Georgia,1
2001,Georgia,1
2001,Georgia,1
2001,Georgia,1
2001,Georgia,1
2001,Georgia,1
2001,Georgia,1
2001,Georgia,1
2001,Georgia,1
2001,Georgia,1
2001,Georgia,1
2001,Georgia,1
2001,Georgia,1
2001,Georgia,1
2001,Georgia,1
2001,Georgia,1
2001,Georgia,1
2001,Georgia,1
2001,Georgia,1
2001,Georgia,1
2001,Georgia,1
2001,Georgia,1
2001,Georgia,1
2001,Georgia,1
2002,Georgia,1
2002,Georgia,1
2002,Georgia,1
2002,Georgia,1
2002,Georgia,1
2002,Georgia,1
2002,Georgia,1
2002,Georgia,1
2002,Georgia,1
2002,Georgia,1
2002,Georgia,1
2002,Georgia,1
2002,Georgia,1
2002,Georgia,1
2002,Georgia,1
2002,Georgia,1
2002,Georgia,1
2002,Georgia,1
2002,Georgia,1
2002,Georgia,1
2002,Georgia,1
2002,Georgia,1
2002,Georgia,1
2002,Georgia,1
2002,Georgia,1
2002,Georgia,1
2002,Georgia,1
2002,Georgia,1
2002,Georgia,1
2002,Georgia,1
2002,Georgia,1
2002,Georgia,1
2002,Georgia,1
2002,Georgia,1
2002,Georgia,1
2002,Georgia,1
2002,Georgia,1
2003,Georgia,1
2003,Georgia,1
2003,Georgia,1
2003,Georgia,1
2003,Georgia,1
2003,Georgia,1
2003,Georgia,1
2003,Georgia,1
2003,Georgia,1
2003,Georgia,1
2003,Georgia,1
2003,Georgia,1
2003,Georgia,1
2003,Georgia,1
2003,Georgia,1
2003,Georgia,1
2003,Georgia,1
2003,Georgia,1
2003,Georgia,1
2003,Georgia,1
2003,Georgia,1
2003,Georgia,1
2003,Georgia,1
2003,Georgia,1
2003,Georgia,1
2003,Georgia,1
2003,Georgia,1
2003,Georgia,1
2003,Georgia,1
2003,Georgia,1
2003,Georgia,1
2003,Georgia,1
2003,Georgia,1
2003,Georgia,1
2004,Georgia,1
2004,Georgia,1
2004,Georgia,1
2004,Georgia,1
2004,Georgia,1
2004,Georgia,1
2004,Georgia,1
2004,Georgia,1
2004,Georgia,1
2004,Georgia,1
2004,Georgia,1
2004,Georgia,1
2004,Georgia,1
2004,Georgia,1
2004,Georgia,1
2004,Georgia,1
2004,Georgia,1
2004,Georgia,1
2004,Georgia,1
2004,Georgia,1
2004,Georgia,1
2004,Georgia,1
2004,Georgia,1
2004,Georgia,1
2004,Georgia,1
2004,Georgia,1
2004,Georgia,1
2004,Georgia,1
2004,Georgia,1
2004,Georgia,1
2004,Georgia,1
2004,Georgia,1
2004,Georgia,1
2004,Georgia,1
2004,Georgia,1
2005,Georgia,1
2005,Georgia,1
2005,Georgia,1
2005,Georgia,1
2005,Georgia,1
2005,Georgia,1
2005,Georgia,1
2005,Georgia,1
2005,Georgia,1
2005,Georgia,1
2005,Georgia,1
2005,Georgia,1
2005,Georgia,1
2005,Georgia,1
2005,Georgia,1
2005,Georgia,1
2005,Georgia,1
2005,Georgia,1
2005,Georgia,1
2005,Georgia,1
2005,Georgia,1
2005,Georgia,1
2005,Georgia,1
2005,Georgia,1
2005,Georgia,1
2005,Georgia,1
2005,Georgia,1
2005,Georgia,1
2005,Georgia,1
2005,Georgia,1
2005,Georgia,1
2005,Georgia,1
2005,Georgia,1
2005,Georgia,1
2005,Georgia,1
2005,Georgia,1
2005,Georgia,1
2005,Georgia,1
2005,Georgia,1
2006,Georgia,1
2006,Georgia,1
2006,Georgia,1
2006,Georgia,1
2006,Georgia,1
2006,Georgia,1
2006,Georgia,1
2006,Georgia,1
2006,Georgia,1
2006,Georgia,1
2006,Georgia,1
2006,Georgia,1
2006,Georgia,1
2006,Georgia,1
2006,Georgia,1
2006,Georgia,1
2006,Georgia,1
2006,Georgia,1
2006,Georgia,1
2006,Georgia,1
2006,Georgia,1
2006,Georgia,1
2006,Georgia,1
2006,Georgia,1
2006,Georgia,1
2006,Georgia,1
2006,Georgia,1
2006,Georgia,1
2006,Georgia,1
2006,Georgia,1
2006,Georgia,1
2006,Georgia,1
2006,Georgia,1
2006,Georgia,1
2006,Georgia,1
2006,Georgia,1
2006,Georgia,1
2006,Georgia,1
2006,Georgia,1
2006,Georgia,1
2006,Georgia,1
2006,Georgia,1
2006,Georgia,1
2006,Georgia,1
2006,Georgia,1
2006,Georgia,1
2006,Georgia,1
2006,Georgia,1
2006,Georgia,1
2006,Georgia,1
2006,Georgia,1
2006,Georgia,1
2006,Georgia,1
2006,Georgia,1
2006,Georgia,1
2006,Georgia,1
2006,Georgia,1
2006,Georgia,1
2007,Georgia,1
2007,Georgia,1
2007,Georgia,1
2007,Georgia,1
2007,Georgia,1
2007,Georgia,1
2007,Georgia,1
2007,Georgia,1
2007,Georgia,1
2007,Georgia,1
2007,Georgia,1
2007,Georgia,1
2007,Georgia,1
2007,Georgia,1
2007,Georgia,1
2007,Georgia,1
2007,Georgia,1
2007,Georgia,1
2007,Georgia,1
2007,Georgia,1
2007,Georgia,1
2007,Georgia,1
2007,Georgia,1
2007,Georgia,1
2007,Georgia,1
2007,Georgia,1
2007,Georgia,1
2007,Georgia,1
2007,Georgia,1
2007,Georgia,1
2007,Georgia,1
2007,Georgia,1
2007,Georgia,1
2007,Georgia,1
2007,Georgia,1
2007,Georgia,1
2007,Georgia,1
2008,Georgia,1
2008,Georgia,1
2008,Georgia,1
2008,Georgia,1
2008,Georgia,1
2008,Georgia,1
2008,Georgia,1
2008,Georgia,1
2008,Georgia,1
2008,Georgia,1
2008,Georgia,1
2008,Georgia,1
2008,Georgia,1
2008,Georgia,1
2008,Georgia,1
2008,Georgia,1
2008,Georgia,1
2008,Georgia,1
2008,Georgia,1
2008,Georgia,1
2008,Georgia,1
2008,Georgia,1
2008,Georgia,1
2008,Georgia,1
2008,Georgia,1
2008,Georgia,1
2008,Georgia,1
2008,Georgia,1
2008,Georgia,1
2008,Georgia,1
2008,Georgia,1
2008,Georgia,1
2008,Georgia,1
2008,Georgia,1
2008,Georgia,1
2008,Georgia,1
2008,Georgia,1
2008,Georgia,1
2008,Georgia,1
2008,Georgia,1
2008,Georgia,1
2008,Georgia,1
2008,Georgia,1
2008,Georgia,1
2008,Georgia,1
2008,Georgia,1
2008,Georgia,1
2008,Georgia,1
2009,Georgia,1
2009,Georgia,1
2009,Georgia,1
2009,Georgia,1
2009,Georgia,1
2009,Georgia,1
2009,Georgia,1
2009,Georgia,1
2009,Georgia,1
2009,Georgia,1
2009,Georgia,1
2009,Georgia,1
2009,Georgia,1
2009,Georgia,1
2009,Georgia,1
2009,Georgia,1
2009,Georgia,1
2009,Georgia,1
2009,Georgia,1
2009,Georgia,1
2009,Georgia,1
2009,Georgia,1
2009,Georgia,1
2009,Georgia,1
2009,Georgia,1
2009,Georgia,1
2009,Georgia,1
2009,Georgia,1
2009,Georgia,1
2009,Georgia,1
2009,Georgia,1
2009,Georgia,1
2009,Georgia,1
2009,Georgia,1
2009,Georgia,1
2009,Georgia,1
2009,Georgia,1
2009,Georgia,1
2009,Georgia,1
2009,Georgia,1
2010,Georgia,1
2010,Georgia,1
2010,Georgia,1
2010,Georgia,1
2010,Georgia,1
2010,Georgia,1
2010,Georgia,1
2010,Georgia,1
2010,Georgia,1
2010,Georgia,1
2010,Georgia,1
2010,Georgia,1
2010,Georgia,1
2010,Georgia,1
2010,Georgia,1
2010,Georgia,1
2010,Georgia,1
2010,Georgia,1
2010,Georgia,1
2010,Georgia,1
2010,Georgia,1
2010,Georgia,1
2010,Georgia,1
2010,Georgia,1
2010,Georgia,1
2010,Georgia,1
2010,Georgia,1
2010,Georgia,1
2010,Georgia,1
2010,Georgia,1
2010,Georgia,1
2010,Georgia,1
2010,Georgia,1
2010,Georgia,1
2010,Georgia,1
2010,Georgia,1
2010,Georgia,1
2010,Georgia,1
2010,Georgia,1
2010,Georgia,1
2010,Georgia,1
2010,Georgia,1
2010,Georgia,1
2010,Georgia,1
2010,Georgia,1
2010,Georgia,1
2010,Georgia,1
2010,Georgia,1
2011,Georgia,1
2011,Georgia,1
2011,Georgia,1
2011,Georgia,1
2011,Georgia,1
2011,Georgia,1
2011,Georgia,1
2011,Georgia,1
2011,Georgia,1
2011,Georgia,1
2011,Georgia,1
2011,Georgia,1
2011,Georgia,1
2011,Georgia,1
2011,Georgia,1
2011,Georgia,1
2011,Georgia,1
2011,Georgia,1
2011,Georgia,1
2011,Georgia,1
2011,Georgia,1
2011,Georgia,1
2011,Georgia,1
2011,Georgia,1
2011,Georgia,1
2011,Georgia,1
2011,Georgia,1
2011,Georgia,1
2011,Georgia,1
2011,Georgia,1
2011,Georgia,1
2011,Georgia,1
2011,Georgia,1
2011,Georgia,1
2011,Georgia,1
2011,Georgia,1
2011,Georgia,1
2011,Georgia,1
2011,Georgia,1
2011,Georgia,1
2011,Georgia,1
2011,Georgia,1
2011,Georgia,1
2011,Georgia,1
2011,Georgia,1
2011,Georgia,1
2011,Georgia,1
2012,Georgia,1
2012,Georgia,1
2012,Georgia,1
2012,Georgia,1
2012,Georgia,1
2012,Georgia,1
2012,Georgia,1
2012,Georgia,1
2012,Georgia,1
2012,Georgia,1
2012,Georgia,1
2012,Georgia,1
2012,Georgia,1
2012,Georgia,1
2012,Georgia,1
2012,Georgia,1
2012,Georgia,1
2012,Georgia,1
2012,Georgia,1
2012,Georgia,1
2012,Georgia,1
2012,Georgia,1
2012,Georgia,1
2012,Georgia,1
2012,Georgia,1
2012,Georgia,1
2012,Georgia,1
2012,Georgia,1
2012,Georgia,1
2012,Georgia,1
2012,Georgia,1
2012,Georgia,1
2012,Georgia,1
2012,Georgia,1
2012,Georgia,1
2012,Georgia,1
2012,Georgia,1
2012,Georgia,1
2012,Georgia,1
2012,Georgia,1
2012,Georgia,1
2012,Georgia,1
2012,Georgia,1
2012,Georgia,1
2012,Georgia,1
2012,Georgia,1
2012,Georgia,1
2012,Georgia,1
2012,Georgia,1
2012,Georgia,1
2012,Georgia,1
2012,Georgia,1
2012,Georgia,1
2012,Georgia,1
2012,Georgia,1
2012,Georgia,1
2012,Georgia,1
2012,Georgia,1
2012,Georgia,1
2012,Georgia,1
2012,Georgia,1
2012,Georgia,1
2013,Georgia,1
2013,Georgia,1
2013,Georgia,1
2013,Georgia,1
2013,Georgia,1
2013,Georgia,1
2013,Georgia,1
2013,Georgia,1
2013,Georgia,1
2013,Georgia,1
2013,Georgia,1
2013,Georgia,1
2013,Georgia,1
2013,Georgia,1
2013,Georgia,1
2013,Georgia,1
2013,Georgia,1
2013,Georgia,1
2013,Georgia,1
2013,Georgia,1
2013,Georgia,1
2013,Georgia,1
2013,Georgia,1
2013,Georgia,1
2013,Georgia,1
2013,Georgia,1
2013,Georgia,1
2013,Georgia,1
2013,Georgia,1
2013,Georgia,1
2013,Georgia,1
2013,Georgia,1
2013,Georgia,1
2013,Georgia,1
2013,Georgia,1
2013,Georgia,1
2013,Georgia,1
2013,Georgia,1
2013,Georgia,1
2013,Georgia,1
2013,Georgia,1
2013,Georgia,1
2013,Georgia,1
2013,Georgia,1
2013,Georgia,1
2013,Georgia,1
2013,Georgia,1
2013,Georgia,1
2013,Georgia,1
2013,Georgia,1
2013,Georgia,1
2013,Georgia,1
2013,Georgia,1
2013,Georgia,1
2013,Georgia,1
2013,Georgia,1
2013,Georgia,1
2013,Georgia,1
2013,Georgia,1
2013,Georgia,1
2013,Georgia,1
2013,Georgia,1
2013,Georgia,1
2013,Georgia,1
2013,Georgia,1
2014,Georgia,1
2014,Georgia,1
2014,Georgia,1
2014,Georgia,1
2014,Georgia,1
2014,Georgia,1
2014,Georgia,1
2014,Georgia,1
2014,Georgia,1
2014,Georgia,1
2014,Georgia,1
2014,Georgia,1
2014,Georgia,1
2014,Georgia,1
2014,Georgia,1
2014,Georgia,1
2014,Georgia,1
2014,Georgia,1
2014,Georgia,1
2014,Georgia,1
2014,Georgia,1
2014,Georgia,1
2014,Georgia,1
2014,Georgia,1
2014,Georgia,1
2014,Georgia,1
2014,Georgia,1
2014,Georgia,1
2014,Georgia,1
2014,Georgia,1
2014,Georgia,1
2014,Georgia,1
2014,Georgia,1
2014,Georgia,1
2014,Georgia,1
2014,Georgia,1
2014,Georgia,1
2014,Georgia,1
2014,Georgia,1
2014,Georgia,1
2014,Georgia,1
2014,Georgia,1
2014,Georgia,1
2014,Georgia,1
2014,Georgia,1
2014,Georgia,1
2014,Georgia,1
2014,Georgia,1
2014,Georgia,1
2014,Georgia,1
2014,Georgia,1
2014,Georgia,1
2014,Georgia,1
2015,Georgia,1
2015,Georgia,1
2015,Georgia,1
2015,Georgia,1
2015,Georgia,1
2015,Georgia,1
2015,Georgia,1
2015,Georgia,1
2015,Georgia,1
2015,Georgia,1
2015,Georgia,1
2015,Georgia,1
2015,Georgia,1
2015,Georgia,1
2015,Georgia,1
2015,Georgia,1
2015,Georgia,1
2015,Georgia,1
2015,Georgia,1
2015,Georgia,1
2015,Georgia,1
2015,Georgia,1
2015,Georgia,1
2015,Georgia,1
2015,Georgia,1
2015,Georgia,1
2015,Georgia,1
2015,Georgia,1
2015,Georgia,1
2015,Georgia,1
2015,Georgia,1
2015,Georgia,1
2015,Georgia,1
2015,Georgia,1
2015,Georgia,1
2015,Georgia,1
2015,Georgia,1
2015,Georgia,1
2015,Georgia,1
2015,Georgia,1
2015,Georgia,1
2015,Georgia,1
2015,Georgia,1
2015,Georgia,1
2015,Georgia,1
2015,Georgia,1
2015,Georgia,1
2015,Georgia,1
2015,Georgia,1
2015,Georgia,1
2015,Georgia,1
2015,Georgia,1
2015,Georgia,1
2016,Georgia,1
2016,Georgia,1
2016,Georgia,1
2016,Georgia,1
2016,Georgia,1
2016,Georgia,1
2016,Georgia,1
2016,Georgia,1
2016,Georgia,1
2016,Georgia,1
2016,Georgia,1
2016,Georgia,1
2016,Georgia,1
2016,Georgia,1
2016,Georgia,1
2016,Georgia,1
2016,Georgia,1
2016,Georgia,1
2016,Georgia,1
2016,Georgia,1
2016,Georgia,1
2016,Georgia,1
2016,Georgia,1
2016,Georgia,1
2016,Georgia,1
2016,Georgia,1
2016,Georgia,1
2016,Georgia,1
2016,Georgia,1
2016,Georgia,1
2016,Georgia,1
2016,Georgia,1
2016,Georgia,1
2016,Georgia,1
2016,Georgia,1
2016,Georgia,1
2016,Georgia,1
2016,Georgia,1
2016,Georgia,1
2016,Georgia,1
2016,Georgia,1
2016,Georgia,1
2016,Georgia,1
2016,Georgia,1
2016,Georgia,1
2016,Georgia,1
2016,Georgia,1
2016,Georgia,1
2016,Georgia,1
2016,Georgia,1
2016,Georgia,1
2016,Georgia,1
2017,Georgia,1
2017,Georgia,1
2017,Georgia,1
2017,Georgia,1
2017,Georgia,1
2017,Georgia,1
2017,Georgia,1
2017,Georgia,1
2017,Georgia,1
2017,Georgia,1
2017,Georgia,1
2017,Georgia,1
2017,Georgia,1
2017,Georgia,1
2017,Georgia,1
2017,Georgia,1
2017,Georgia,1
2017,Georgia,1
2017,Georgia,1
2017,Georgia,1
2017,Georgia,1
2017,Georgia,1
2017,Georgia,1
2017,Georgia,1
2017,Georgia,1
2017,Georgia,1
2017,Georgia,1
2017,Georgia,1
2017,Georgia,1
2017,Georgia,1
2017,Georgia,1
2017,Georgia,1
2017,Georgia,1
2017,Georgia,1
2017,Georgia,1
2017,Georgia,1
2017,Georgia,1
2017,Georgia,1
2017,Georgia,1
2017,Georgia,1
2017,Georgia,1
2017,Georgia,1
2017,Georgia,1
2017,Georgia,1
2017,Georgia,1
2017,Georgia,1
2017,Georgia,1
2017,Georgia,1
2017,Georgia,1
2017,Georgia,1
2017,Georgia,1
2017,Georgia,1
2017,Georgia,1
2017,Georgia,1
2017,Georgia,1
2017,Georgia,1
2017,Georgia,1
2017,Georgia,1
2017,Georgia,1
2017,Georgia,1
2017,Georgia,1
2017,Georgia,1
2017,Georgia,1
2017,Georgia,1
2017,Georgia,1
2017,Georgia,1
2017,Georgia,1
2017,Georgia,1
2017,Georgia,1
2018,Georgia,1
2018,Georgia,1
2018,Georgia,1
2018,Georgia,1
2018,Georgia,1
2018,Georgia,1
2018,Georgia,1
2018,Georgia,1
2018,Georgia,1
2018,Georgia,1
2018,Georgia,1
2018,Georgia,1
2018,Georgia,1
2018,Georgia,1
2018,Georgia,1
2018,Georgia,1
2018,Georgia,1
2018,Georgia,1
2018,Georgia,1
2018,Georgia,1
2018,Georgia,1
2018,Georgia,1
2018,Georgia,1
2018,Georgia,1
2018,Georgia,1
2018,Georgia,1
2018,Georgia,1
2018,Georgia,1
2018,Georgia,1
2018,Georgia,1
2018,Georgia,1
2018,Georgia,1
2018,Georgia,1
2018,Georgia,1
2018,Georgia,1
2018,Georgia,1
2018,Georgia,1
2018,Georgia,1
2018,Georgia,1
2018,Georgia,1
2018,Georgia,1
2018,Georgia,1
2018,Georgia,1
2018,Georgia,1
2018,Georgia,1
2018,Georgia,1
2018,Georgia,1
2018,Georgia,1
2018,Georgia,1
2018,Georgia,1
2018,Georgia,1
2018,Georgia,1
2018,Georgia,1
2018,Georgia,1
2018,Georgia,1
2018,Georgia,1
2018,Georgia,1
2018,Georgia,1
2018,Georgia,1
2018,Georgia,1
2018,Georgia,1
2018,Georgia,1
2018,Georgia,1
2018,Georgia,1
2018,Georgia,1
2018,Georgia,1
2018,Georgia,1
2018,Georgia,1
2018,Georgia,1
2018,Georgia,1
2018,Georgia,1
2018,Georgia,1
2018,Georgia,1
2018,Georgia,1
2018,Georgia,1
2018,Georgia,1
2018,Georgia,1
2018,Georgia,1
2018,Georgia,1
2018,Georgia,1
2018,Georgia,1
2018,Georgia,1
2018,Georgia,1
2018,Georgia,1
2018,Georgia,1
2018,Georgia,1
2018,Georgia,1
2018,Georgia,1
2018,Georgia,1
2018,Georgia,1
2019,Georgia,1
2019,Georgia,1
2019,Georgia,1
2019,Georgia,1
2019,Georgia,1
2019,Georgia,1
2019,Georgia,1
2019,Georgia,1
2019,Georgia,1
2019,Georgia,1
2019,Georgia,1
2019,Georgia,1
2019,Georgia,1
2019,Georgia,1
2019,Georgia,1
2019,Georgia,1
2019,Georgia,1
2019,Georgia,1
2019,Georgia,1
2019,Georgia,1
2019,Georgia,1
2019,Georgia,1
2019,Georgia,1
2019,Georgia,1
2019,Georgia,1
2019,Georgia,1
2019,Georgia,1
2019,Georgia,1
2019,Georgia,1
2019,Georgia,1
2019,Georgia,1
2019,Georgia,1
2019,Georgia,1
2019,Georgia,1
2019,Georgia,1
2019,Georgia,1
2019,Georgia,1
2019,Georgia,1
2019,Georgia,1
2019,Georgia,1
2019,Georgia,1
2019,Georgia,1
2019,Georgia,1
2019,Georgia,1
2019,Georgia,1
2019,Georgia,1
2019,Georgia,1
2019,Georgia,1
2019,Georgia,1
2019,Georgia,1
2019,Georgia,1
2019,Georgia,1
2019,Georgia,1
2019,Georgia,1
2019,Georgia,1
2019,Georgia,1
2019,Georgia,1
2019,Georgia,1
2019,Georgia,1
2019,Georgia,1
2019,Georgia,1
2019,Georgia,1
2019,Georgia,1
2019,Georgia,1
2019,Georgia,1
2019,Georgia,1
2019,Georgia,1
2019,Georgia,1
2019,Georgia,1
2019,Georgia,1
2019,Georgia,1
2019,Georgia,1
2019,Georgia,1
2019,Georgia,1
2019,Georgia,1
2019,Georgia,1
2019,Georgia,1
2019,Georgia,1
2019,Georgia,1
2019,Georgia,1
2019,Georgia,1
2020,Georgia,1
2020,Georgia,1
2020,Georgia,1
2020,Georgia,1
2020,Georgia,1
2020,Georgia,1
2020,Georgia,1
2020,Georgia,1
2020,Georgia,1
2020,Georgia,1
2020,Georgia,1
2020,Georgia,1
2020,Georgia,1
2020,Georgia,1
2020,Georgia,1
2020,Georgia,1
2020,Georgia,1
2020,Georgia,1
2020,Georgia,1
2020,Georgia,1
2020,Georgia,1
2020,Georgia,1
2020,Georgia,1
2020,Georgia,1
2020,Georgia,1
2020,Georgia,1
2020,Georgia,1
2020,Georgia,1
2020,Georgia,1
2020,Georgia,1
2020,Georgia,1
2020,Georgia,1
2020,Georgia,1
2020,Georgia,1
2020,Georgia,1
2020,Georgia,1
2020,Georgia,1
2020,Georgia,1
2020,Georgia,1
2020,Georgia,1
2020,Georgia,1
2020,Georgia,1
2020,Georgia,1
2020,Georgia,1
2020,Georgia,1
2020,Georgia,1
2020,Georgia,1
2020,Georgia,1
2020,Georgia,1
2020,Georgia,1
2020,Georgia,1
2020,Georgia,1
2020,Georgia,1
2020,Georgia,1
2020,Georgia,1
2000,IllIndianaois,1
2000,IllIndianaois,1
2000,IllIndianaois,1
2000,IllIndianaois,1
2000,IllIndianaois,1
2000,IllIndianaois,1
2000,IllIndianaois,1
2000,IllIndianaois,1
2000,IllIndianaois,1
2000,IllIndianaois,1
2000,IllIndianaois,1
2000,IllIndianaois,1
2000,IllIndianaois,1
2000,IllIndianaois,1
2000,IllIndianaois,1
2000,IllIndianaois,1
2000,IllIndianaois,1
2000,IllIndianaois,1
2000,IllIndianaois,1
2000,IllIndianaois,1
2000,IllIndianaois,1
2000,IllIndianaois,1
2000,IllIndianaois,1
2000,IllIndianaois,1
2000,IllIndianaois,1
2000,IllIndianaois,1
2000,IllIndianaois,1
2000,IllIndianaois,1
2000,IllIndianaois,1
2000,IllIndianaois,1
2000,IllIndianaois,1
2000,IllIndianaois,1
2000,IllIndianaois,1
2000,IllIndianaois,1
2000,IllIndianaois,1
2000,IllIndianaois,1
2000,IllIndianaois,1
2000,IllIndianaois,1
2000,IllIndianaois,1
2000,IllIndianaois,1
2000,IllIndianaois,1
2000,IllIndianaois,1
2000,IllIndianaois,1
2000,IllIndianaois,1
2001,IllIndianaois,1
2001,IllIndianaois,1
2001,IllIndianaois,1
2001,IllIndianaois,1
2001,IllIndianaois,1
2001,IllIndianaois,1
2001,IllIndianaois,1
2001,IllIndianaois,1
2001,IllIndianaois,1
2001,IllIndianaois,1
2001,IllIndianaois,1
2001,IllIndianaois,1
2001,IllIndianaois,1
2001,IllIndianaois,1
2001,IllIndianaois,1
2001,IllIndianaois,1
2001,IllIndianaois,1
2001,IllIndianaois,1
2001,IllIndianaois,1
2001,IllIndianaois,1
2001,IllIndianaois,1
2001,IllIndianaois,1
2001,IllIndianaois,1
2001,IllIndianaois,1
2001,IllIndianaois,1
2001,IllIndianaois,1
2001,IllIndianaois,1
2001,IllIndianaois,1
2001,IllIndianaois,1
2001,IllIndianaois,1
2001,IllIndianaois,1
2001,IllIndianaois,1
2001,IllIndianaois,1
2001,IllIndianaois,1
2001,IllIndianaois,1
2001,IllIndianaois,1
2002,IllIndianaois,1
2002,IllIndianaois,1
2002,IllIndianaois,1
2002,IllIndianaois,1
2002,IllIndianaois,1
2002,IllIndianaois,1
2002,IllIndianaois,1
2002,IllIndianaois,1
2002,IllIndianaois,1
2002,IllIndianaois,1
2002,IllIndianaois,1
2002,IllIndianaois,1
2002,IllIndianaois,1
2002,IllIndianaois,1
2002,IllIndianaois,1
2002,IllIndianaois,1
2002,IllIndianaois,1
2002,IllIndianaois,1
2002,IllIndianaois,1
2002,IllIndianaois,1
2002,IllIndianaois,1
2002,IllIndianaois,1
2002,IllIndianaois,1
2002,IllIndianaois,1
2002,IllIndianaois,1
2002,IllIndianaois,1
2002,IllIndianaois,1
2002,IllIndianaois,1
2002,IllIndianaois,1
2002,IllIndianaois,1
2002,IllIndianaois,1
2002,IllIndianaois,1
2002,IllIndianaois,1
2002,IllIndianaois,1
2002,IllIndianaois,1
2002,IllIndianaois,1
2002,IllIndianaois,1
2002,IllIndianaois,1
2002,IllIndianaois,1
2002,IllIndianaois,1
2002,IllIndianaois,1
2002,IllIndianaois,1
2002,IllIndianaois,1
2002,IllIndianaois,1
2002,IllIndianaois,1
2003,IllIndianaois,1
2003,IllIndianaois,1
2003,IllIndianaois,1
2003,IllIndianaois,1
2003,IllIndianaois,1
2003,IllIndianaois,1
2003,IllIndianaois,1
2003,IllIndianaois,1
2003,IllIndianaois,1
2003,IllIndianaois,1
2003,IllIndianaois,1
2003,IllIndianaois,1
2003,IllIndianaois,1
2003,IllIndianaois,1
2003,IllIndianaois,1
2003,IllIndianaois,1
2003,IllIndianaois,1
2003,IllIndianaois,1
2003,IllIndianaois,1
2003,IllIndianaois,1
2003,IllIndianaois,1
2003,IllIndianaois,1
2003,IllIndianaois,1
2003,IllIndianaois,1
2003,IllIndianaois,1
2003,IllIndianaois,1
2003,IllIndianaois,1
2003,IllIndianaois,1
2003,IllIndianaois,1
2003,IllIndianaois,1
2003,IllIndianaois,1
2003,IllIndianaois,1
2003,IllIndianaois,1
2003,IllIndianaois,1
2003,IllIndianaois,1
2003,IllIndianaois,1
2003,IllIndianaois,1
2003,IllIndianaois,1
2003,IllIndianaois,1
2003,IllIndianaois,1
2003,IllIndianaois,1
2003,IllIndianaois,1
2003,IllIndianaois,1
2003,IllIndianaois,1
2003,IllIndianaois,1
2003,IllIndianaois,1
2003,IllIndianaois,1
2003,IllIndianaois,1
2003,IllIndianaois,1
2003,IllIndianaois,1
2003,IllIndianaois,1
2003,IllIndianaois,1
2003,IllIndianaois,1
2003,IllIndianaois,1
2003,IllIndianaois,1
2003,IllIndianaois,1
2003,IllIndianaois,1
2003,IllIndianaois,1
2003,IllIndianaois,1
2003,IllIndianaois,1
2003,IllIndianaois,1
2003,IllIndianaois,1
2003,IllIndianaois,1
2003,IllIndianaois,1
2003,IllIndianaois,1
2003,IllIndianaois,1
2003,IllIndianaois,1
2003,IllIndianaois,1
2003,IllIndianaois,1
2003,IllIndianaois,1
2003,IllIndianaois,1
2003,IllIndianaois,1
2003,IllIndianaois,1
2003,IllIndianaois,1
2004,IllIndianaois,1
2004,IllIndianaois,1
2004,IllIndianaois,1
2004,IllIndianaois,1
2004,IllIndianaois,1
2004,IllIndianaois,1
2004,IllIndianaois,1
2004,IllIndianaois,1
2004,IllIndianaois,1
2004,IllIndianaois,1
2004,IllIndianaois,1
2004,IllIndianaois,1
2004,IllIndianaois,1
2004,IllIndianaois,1
2004,IllIndianaois,1
2004,IllIndianaois,1
2004,IllIndianaois,1
2004,IllIndianaois,1
2004,IllIndianaois,1
2004,IllIndianaois,1
2004,IllIndianaois,1
2004,IllIndianaois,1
2004,IllIndianaois,1
2004,IllIndianaois,1
2004,IllIndianaois,1
2004,IllIndianaois,1
2004,IllIndianaois,1
2004,IllIndianaois,1
2004,IllIndianaois,1
2004,IllIndianaois,1
2004,IllIndianaois,1
2004,IllIndianaois,1
2004,IllIndianaois,1
2004,IllIndianaois,1
2004,IllIndianaois,1
2004,IllIndianaois,1
2004,IllIndianaois,1
2004,IllIndianaois,1
2004,IllIndianaois,1
2004,IllIndianaois,1
2004,IllIndianaois,1
2004,IllIndianaois,1
2004,IllIndianaois,1
2004,IllIndianaois,1
2005,IllIndianaois,1
2005,IllIndianaois,1
2005,IllIndianaois,1
2005,IllIndianaois,1
2005,IllIndianaois,1
2005,IllIndianaois,1
2005,IllIndianaois,1
2005,IllIndianaois,1
2005,IllIndianaois,1
2005,IllIndianaois,1
2005,IllIndianaois,1
2005,IllIndianaois,1
2005,IllIndianaois,1
2005,IllIndianaois,1
2005,IllIndianaois,1
2005,IllIndianaois,1
2005,IllIndianaois,1
2005,IllIndianaois,1
2005,IllIndianaois,1
2005,IllIndianaois,1
2005,IllIndianaois,1
2005,IllIndianaois,1
2005,IllIndianaois,1
2005,IllIndianaois,1
2005,IllIndianaois,1
2005,IllIndianaois,1
2005,IllIndianaois,1
2005,IllIndianaois,1
2005,IllIndianaois,1
2005,IllIndianaois,1
2005,IllIndianaois,1
2005,IllIndianaois,1
2005,IllIndianaois,1
2005,IllIndianaois,1
2005,IllIndianaois,1
2005,IllIndianaois,1
2005,IllIndianaois,1
2005,IllIndianaois,1
2005,IllIndianaois,1
2005,IllIndianaois,1
2005,IllIndianaois,1
2005,IllIndianaois,1
2005,IllIndianaois,1
2005,IllIndianaois,1
2005,IllIndianaois,1
2005,IllIndianaois,1
2005,IllIndianaois,1
2005,IllIndianaois,1
2005,IllIndianaois,1
2005,IllIndianaois,1
2005,IllIndianaois,1
2005,IllIndianaois,1
2006,IllIndianaois,1
2006,IllIndianaois,1
2006,IllIndianaois,1
2006,IllIndianaois,1
2006,IllIndianaois,1
2006,IllIndianaois,1
2006,IllIndianaois,1
2006,IllIndianaois,1
2006,IllIndianaois,1
2006,IllIndianaois,1
2006,IllIndianaois,1
2006,IllIndianaois,1
2006,IllIndianaois,1
2006,IllIndianaois,1
2006,IllIndianaois,1
2006,IllIndianaois,1
2006,IllIndianaois,1
2006,IllIndianaois,1
2006,IllIndianaois,1
2006,IllIndianaois,1
2006,IllIndianaois,1
2006,IllIndianaois,1
2006,IllIndianaois,1
2006,IllIndianaois,1
2006,IllIndianaois,1
2006,IllIndianaois,1
2006,IllIndianaois,1
2006,IllIndianaois,1
2006,IllIndianaois,1
2006,IllIndianaois,1
2006,IllIndianaois,1
2006,IllIndianaois,1
2006,IllIndianaois,1
2006,IllIndianaois,1
2006,IllIndianaois,1
2006,IllIndianaois,1
2006,IllIndianaois,1
2006,IllIndianaois,1
2006,IllIndianaois,1
2006,IllIndianaois,1
2006,IllIndianaois,1
2006,IllIndianaois,1
2006,IllIndianaois,1
2006,IllIndianaois,1
2006,IllIndianaois,1
2006,IllIndianaois,1
2006,IllIndianaois,1
2006,IllIndianaois,1
2006,IllIndianaois,1
2006,IllIndianaois,1
2006,IllIndianaois,1
2006,IllIndianaois,1
2006,IllIndianaois,1
2006,IllIndianaois,1
2006,IllIndianaois,1
2006,IllIndianaois,1
2006,IllIndianaois,1
2006,IllIndianaois,1
2006,IllIndianaois,1
2006,IllIndianaois,1
2006,IllIndianaois,1
2006,IllIndianaois,1
2007,IllIndianaois,1
2007,IllIndianaois,1
2007,IllIndianaois,1
2007,IllIndianaois,1
2007,IllIndianaois,1
2007,IllIndianaois,1
2007,IllIndianaois,1
2007,IllIndianaois,1
2007,IllIndianaois,1
2007,IllIndianaois,1
2007,IllIndianaois,1
2007,IllIndianaois,1
2007,IllIndianaois,1
2007,IllIndianaois,1
2007,IllIndianaois,1
2007,IllIndianaois,1
2007,IllIndianaois,1
2007,IllIndianaois,1
2007,IllIndianaois,1
2007,IllIndianaois,1
2007,IllIndianaois,1
2007,IllIndianaois,1
2007,IllIndianaois,1
2007,IllIndianaois,1
2007,IllIndianaois,1
2007,IllIndianaois,1
2007,IllIndianaois,1
2007,IllIndianaois,1
2007,IllIndianaois,1
2007,IllIndianaois,1
2007,IllIndianaois,1
2007,IllIndianaois,1
2007,IllIndianaois,1
2007,IllIndianaois,1
2007,IllIndianaois,1
2007,IllIndianaois,1
2007,IllIndianaois,1
2007,IllIndianaois,1
2007,IllIndianaois,1
2007,IllIndianaois,1
2007,IllIndianaois,1
2007,IllIndianaois,1
2007,IllIndianaois,1
2007,IllIndianaois,1
2007,IllIndianaois,1
2007,IllIndianaois,1
2007,IllIndianaois,1
2007,IllIndianaois,1
2007,IllIndianaois,1
2007,IllIndianaois,1
2007,IllIndianaois,1
2007,IllIndianaois,1
2007,IllIndianaois,1
2007,IllIndianaois,1
2007,IllIndianaois,1
2007,IllIndianaois,1
2007,IllIndianaois,1
2007,IllIndianaois,1
2007,IllIndianaois,1
2007,IllIndianaois,1
2007,IllIndianaois,1
2007,IllIndianaois,1
2007,IllIndianaois,1
2007,IllIndianaois,1
2007,IllIndianaois,1
2008,IllIndianaois,1
2008,IllIndianaois,1
2008,IllIndianaois,1
2008,IllIndianaois,1
2008,IllIndianaois,1
2008,IllIndianaois,1
2008,IllIndianaois,1
2008,IllIndianaois,1
2008,IllIndianaois,1
2008,IllIndianaois,1
2008,IllIndianaois,1
2008,IllIndianaois,1
2008,IllIndianaois,1
2008,IllIndianaois,1
2008,IllIndianaois,1
2008,IllIndianaois,1
2008,IllIndianaois,1
2008,IllIndianaois,1
2008,IllIndianaois,1
2008,IllIndianaois,1
2008,IllIndianaois,1
2008,IllIndianaois,1
2008,IllIndianaois,1
2008,IllIndianaois,1
2008,IllIndianaois,1
2008,IllIndianaois,1
2008,IllIndianaois,1
2008,IllIndianaois,1
2008,IllIndianaois,1
2008,IllIndianaois,1
2008,IllIndianaois,1
2008,IllIndianaois,1
2008,IllIndianaois,1
2008,IllIndianaois,1
2008,IllIndianaois,1
2008,IllIndianaois,1
2008,IllIndianaois,1
2008,IllIndianaois,1
2008,IllIndianaois,1
2008,IllIndianaois,1
2008,IllIndianaois,1
2008,IllIndianaois,1
2008,IllIndianaois,1
2008,IllIndianaois,1
2008,IllIndianaois,1
2008,IllIndianaois,1
2008,IllIndianaois,1
2008,IllIndianaois,1
2008,IllIndianaois,1
2008,IllIndianaois,1
2008,IllIndianaois,1
2008,IllIndianaois,1
2008,IllIndianaois,1
2008,IllIndianaois,1
2008,IllIndianaois,1
2008,IllIndianaois,1
2008,IllIndianaois,1
2008,IllIndianaois,1
2008,IllIndianaois,1
2008,IllIndianaois,1
2008,IllIndianaois,1
2009,IllIndianaois,1
2009,IllIndianaois,1
2009,IllIndianaois,1
2009,IllIndianaois,1
2009,IllIndianaois,1
2009,IllIndianaois,1
2009,IllIndianaois,1
2009,IllIndianaois,1
2009,IllIndianaois,1
2009,IllIndianaois,1
2009,IllIndianaois,1
2009,IllIndianaois,1
2009,IllIndianaois,1
2009,IllIndianaois,1
2009,IllIndianaois,1
2009,IllIndianaois,1
2009,IllIndianaois,1
2009,IllIndianaois,1
2009,IllIndianaois,1
2009,IllIndianaois,1
2009,IllIndianaois,1
2009,IllIndianaois,1
2009,IllIndianaois,1
2009,IllIndianaois,1
2009,IllIndianaois,1
2009,IllIndianaois,1
2009,IllIndianaois,1
2009,IllIndianaois,1
2009,IllIndianaois,1
2009,IllIndianaois,1
2009,IllIndianaois,1
2009,IllIndianaois,1
2009,IllIndianaois,1
2009,IllIndianaois,1
2009,IllIndianaois,1
2009,IllIndianaois,1
2009,IllIndianaois,1
2009,IllIndianaois,1
2009,IllIndianaois,1
2009,IllIndianaois,1
2009,IllIndianaois,1
2009,IllIndianaois,1
2009,IllIndianaois,1
2009,IllIndianaois,1
2009,IllIndianaois,1
2009,IllIndianaois,1
2009,IllIndianaois,1
2010,IllIndianaois,1
2010,IllIndianaois,1
2010,IllIndianaois,1
2010,IllIndianaois,1
2010,IllIndianaois,1
2010,IllIndianaois,1
2010,IllIndianaois,1
2010,IllIndianaois,1
2010,IllIndianaois,1
2010,IllIndianaois,1
2010,IllIndianaois,1
2010,IllIndianaois,1
2010,IllIndianaois,1
2010,IllIndianaois,1
2010,IllIndianaois,1
2010,IllIndianaois,1
2010,IllIndianaois,1
2010,IllIndianaois,1
2010,IllIndianaois,1
2010,IllIndianaois,1
2010,IllIndianaois,1
2010,IllIndianaois,1
2010,IllIndianaois,1
2010,IllIndianaois,1
2010,IllIndianaois,1
2010,IllIndianaois,1
2010,IllIndianaois,1
2010,IllIndianaois,1
2010,IllIndianaois,1
2010,IllIndianaois,1
2010,IllIndianaois,1
2010,IllIndianaois,1
2010,IllIndianaois,1
2010,IllIndianaois,1
2010,IllIndianaois,1
2010,IllIndianaois,1
2010,IllIndianaois,1
2010,IllIndianaois,1
2010,IllIndianaois,1
2010,IllIndianaois,1
2010,IllIndianaois,1
2010,IllIndianaois,1
2010,IllIndianaois,1
2010,IllIndianaois,1
2010,IllIndianaois,1
2010,IllIndianaois,1
2010,IllIndianaois,1
2010,IllIndianaois,1
2011,IllIndianaois,1
2011,IllIndianaois,1
2011,IllIndianaois,1
2011,IllIndianaois,1
2011,IllIndianaois,1
2011,IllIndianaois,1
2011,IllIndianaois,1
2011,IllIndianaois,1
2011,IllIndianaois,1
2011,IllIndianaois,1
2011,IllIndianaois,1
2011,IllIndianaois,1
2011,IllIndianaois,1
2011,IllIndianaois,1
2011,IllIndianaois,1
2011,IllIndianaois,1
2011,IllIndianaois,1
2011,IllIndianaois,1
2011,IllIndianaois,1
2011,IllIndianaois,1
2011,IllIndianaois,1
2011,IllIndianaois,1
2011,IllIndianaois,1
2011,IllIndianaois,1
2011,IllIndianaois,1
2011,IllIndianaois,1
2011,IllIndianaois,1
2011,IllIndianaois,1
2011,IllIndianaois,1
2011,IllIndianaois,1
2011,IllIndianaois,1
2011,IllIndianaois,1
2011,IllIndianaois,1
2011,IllIndianaois,1
2011,IllIndianaois,1
2011,IllIndianaois,1
2011,IllIndianaois,1
2011,IllIndianaois,1
2011,IllIndianaois,1
2011,IllIndianaois,1
2011,IllIndianaois,1
2011,IllIndianaois,1
2011,IllIndianaois,1
2011,IllIndianaois,1
2011,IllIndianaois,1
2011,IllIndianaois,1
2011,IllIndianaois,1
2011,IllIndianaois,1
2011,IllIndianaois,1
2011,IllIndianaois,1
2011,IllIndianaois,1
2011,IllIndianaois,1
2011,IllIndianaois,1
2011,IllIndianaois,1
2011,IllIndianaois,1
2011,IllIndianaois,1
2011,IllIndianaois,1
2011,IllIndianaois,1
2011,IllIndianaois,1
2011,IllIndianaois,1
2011,IllIndianaois,1
2012,IllIndianaois,1
2012,IllIndianaois,1
2012,IllIndianaois,1
2012,IllIndianaois,1
2012,IllIndianaois,1
2012,IllIndianaois,1
2012,IllIndianaois,1
2012,IllIndianaois,1
2012,IllIndianaois,1
2012,IllIndianaois,1
2012,IllIndianaois,1
2012,IllIndianaois,1
2012,IllIndianaois,1
2012,IllIndianaois,1
2012,IllIndianaois,1
2012,IllIndianaois,1
2012,IllIndianaois,1
2012,IllIndianaois,1
2012,IllIndianaois,1
2012,IllIndianaois,1
2012,IllIndianaois,1
2012,IllIndianaois,1
2012,IllIndianaois,1
2012,IllIndianaois,1
2012,IllIndianaois,1
2012,IllIndianaois,1
2012,IllIndianaois,1
2012,IllIndianaois,1
2012,IllIndianaois,1
2012,IllIndianaois,1
2012,IllIndianaois,1
2012,IllIndianaois,1
2012,IllIndianaois,1
2012,IllIndianaois,1
2012,IllIndianaois,1
2012,IllIndianaois,1
2012,IllIndianaois,1
2012,IllIndianaois,1
2012,IllIndianaois,1
2012,IllIndianaois,1
2012,IllIndianaois,1
2012,IllIndianaois,1
2012,IllIndianaois,1
2012,IllIndianaois,1
2012,IllIndianaois,1
2012,IllIndianaois,1
2012,IllIndianaois,1
2013,IllIndianaois,1
2013,IllIndianaois,1
2013,IllIndianaois,1
2013,IllIndianaois,1
2013,IllIndianaois,1
2013,IllIndianaois,1
2013,IllIndianaois,1
2013,IllIndianaois,1
2013,IllIndianaois,1
2013,IllIndianaois,1
2013,IllIndianaois,1
2013,IllIndianaois,1
2013,IllIndianaois,1
2013,IllIndianaois,1
2013,IllIndianaois,1
2013,IllIndianaois,1
2013,IllIndianaois,1
2013,IllIndianaois,1
2013,IllIndianaois,1
2013,IllIndianaois,1
2013,IllIndianaois,1
2013,IllIndianaois,1
2013,IllIndianaois,1
2013,IllIndianaois,1
2013,IllIndianaois,1
2013,IllIndianaois,1
2013,IllIndianaois,1
2013,IllIndianaois,1
2013,IllIndianaois,1
2013,IllIndianaois,1
2013,IllIndianaois,1
2013,IllIndianaois,1
2013,IllIndianaois,1
2013,IllIndianaois,1
2013,IllIndianaois,1
2013,IllIndianaois,1
2013,IllIndianaois,1
2013,IllIndianaois,1
2013,IllIndianaois,1
2013,IllIndianaois,1
2013,IllIndianaois,1
2013,IllIndianaois,1
2013,IllIndianaois,1
2013,IllIndianaois,1
2013,IllIndianaois,1
2013,IllIndianaois,1
2013,IllIndianaois,1
2013,IllIndianaois,1
2013,IllIndianaois,1
2013,IllIndianaois,1
2013,IllIndianaois,1
2013,IllIndianaois,1
2014,IllIndianaois,1
2014,IllIndianaois,1
2014,IllIndianaois,1
2014,IllIndianaois,1
2014,IllIndianaois,1
2014,IllIndianaois,1
2014,IllIndianaois,1
2014,IllIndianaois,1
2014,IllIndianaois,1
2014,IllIndianaois,1
2014,IllIndianaois,1
2014,IllIndianaois,1
2014,IllIndianaois,1
2014,IllIndianaois,1
2014,IllIndianaois,1
2014,IllIndianaois,1
2014,IllIndianaois,1
2014,IllIndianaois,1
2014,IllIndianaois,1
2014,IllIndianaois,1
2014,IllIndianaois,1
2014,IllIndianaois,1
2014,IllIndianaois,1
2014,IllIndianaois,1
2014,IllIndianaois,1
2014,IllIndianaois,1
2014,IllIndianaois,1
2014,IllIndianaois,1
2014,IllIndianaois,1
2014,IllIndianaois,1
2014,IllIndianaois,1
2014,IllIndianaois,1
2014,IllIndianaois,1
2014,IllIndianaois,1
2014,IllIndianaois,1
2014,IllIndianaois,1
2014,IllIndianaois,1
2014,IllIndianaois,1
2014,IllIndianaois,1
2014,IllIndianaois,1
2014,IllIndianaois,1
2014,IllIndianaois,1
2014,IllIndianaois,1
2014,IllIndianaois,1
2014,IllIndianaois,1
2014,IllIndianaois,1
2014,IllIndianaois,1
2014,IllIndianaois,1
2014,IllIndianaois,1
2014,IllIndianaois,1
2014,IllIndianaois,1
2014,IllIndianaois,1
2014,IllIndianaois,1
2014,IllIndianaois,1
2014,IllIndianaois,1
2014,IllIndianaois,1
2014,IllIndianaois,1
2015,IllIndianaois,1
2015,IllIndianaois,1
2015,IllIndianaois,1
2015,IllIndianaois,1
2015,IllIndianaois,1
2015,IllIndianaois,1
2015,IllIndianaois,1
2015,IllIndianaois,1
2015,IllIndianaois,1
2015,IllIndianaois,1
2015,IllIndianaois,1
2015,IllIndianaois,1
2015,IllIndianaois,1
2015,IllIndianaois,1
2015,IllIndianaois,1
2015,IllIndianaois,1
2015,IllIndianaois,1
2015,IllIndianaois,1
2015,IllIndianaois,1
2015,IllIndianaois,1
2015,IllIndianaois,1
2015,IllIndianaois,1
2015,IllIndianaois,1
2015,IllIndianaois,1
2015,IllIndianaois,1
2015,IllIndianaois,1
2015,IllIndianaois,1
2015,IllIndianaois,1
2015,IllIndianaois,1
2015,IllIndianaois,1
2015,IllIndianaois,1
2016,IllIndianaois,1
2016,IllIndianaois,1
2016,IllIndianaois,1
2016,IllIndianaois,1
2016,IllIndianaois,1
2016,IllIndianaois,1
2016,IllIndianaois,1
2016,IllIndianaois,1
2016,IllIndianaois,1
2016,IllIndianaois,1
2016,IllIndianaois,1
2016,IllIndianaois,1
2016,IllIndianaois,1
2016,IllIndianaois,1
2016,IllIndianaois,1
2016,IllIndianaois,1
2016,IllIndianaois,1
2016,IllIndianaois,1
2016,IllIndianaois,1
2016,IllIndianaois,1
2016,IllIndianaois,1
2016,IllIndianaois,1
2016,IllIndianaois,1
2016,IllIndianaois,1
2016,IllIndianaois,1
2016,IllIndianaois,1
2016,IllIndianaois,1
2016,IllIndianaois,1
2016,IllIndianaois,1
2016,IllIndianaois,1
2016,IllIndianaois,1
2016,IllIndianaois,1
2016,IllIndianaois,1
2016,IllIndianaois,1
2016,IllIndianaois,1
2016,IllIndianaois,1
2016,IllIndianaois,1
2016,IllIndianaois,1
2016,IllIndianaois,1
2016,IllIndianaois,1
2016,IllIndianaois,1
2016,IllIndianaois,1
2016,IllIndianaois,1
2016,IllIndianaois,1
2016,IllIndianaois,1
2016,IllIndianaois,1
2016,IllIndianaois,1
2016,IllIndianaois,1
2016,IllIndianaois,1
2016,IllIndianaois,1
2016,IllIndianaois,1
2016,IllIndianaois,1
2016,IllIndianaois,1
2017,IllIndianaois,1
2017,IllIndianaois,1
2017,IllIndianaois,1
2017,IllIndianaois,1
2017,IllIndianaois,1
2017,IllIndianaois,1
2017,IllIndianaois,1
2017,IllIndianaois,1
2017,IllIndianaois,1
2017,IllIndianaois,1
2017,IllIndianaois,1
2017,IllIndianaois,1
2017,IllIndianaois,1
2017,IllIndianaois,1
2017,IllIndianaois,1
2017,IllIndianaois,1
2017,IllIndianaois,1
2017,IllIndianaois,1
2017,IllIndianaois,1
2017,IllIndianaois,1
2017,IllIndianaois,1
2017,IllIndianaois,1
2017,IllIndianaois,1
2017,IllIndianaois,1
2017,IllIndianaois,1
2017,IllIndianaois,1
2017,IllIndianaois,1
2017,IllIndianaois,1
2017,IllIndianaois,1
2017,IllIndianaois,1
2017,IllIndianaois,1
2017,IllIndianaois,1
2017,IllIndianaois,1
2017,IllIndianaois,1
2017,IllIndianaois,1
2017,IllIndianaois,1
2017,IllIndianaois,1
2017,IllIndianaois,1
2017,IllIndianaois,1
2018,IllIndianaois,1
2018,IllIndianaois,1
2018,IllIndianaois,1
2018,IllIndianaois,1
2018,IllIndianaois,1
2018,IllIndianaois,1
2018,IllIndianaois,1
2018,IllIndianaois,1
2018,IllIndianaois,1
2018,IllIndianaois,1
2018,IllIndianaois,1
2018,IllIndianaois,1
2018,IllIndianaois,1
2018,IllIndianaois,1
2018,IllIndianaois,1
2018,IllIndianaois,1
2018,IllIndianaois,1
2018,IllIndianaois,1
2018,IllIndianaois,1
2018,IllIndianaois,1
2018,IllIndianaois,1
2018,IllIndianaois,1
2018,IllIndianaois,1
2018,IllIndianaois,1
2018,IllIndianaois,1
2018,IllIndianaois,1
2018,IllIndianaois,1
2018,IllIndianaois,1
2018,IllIndianaois,1
2018,IllIndianaois,1
2018,IllIndianaois,1
2018,IllIndianaois,1
2018,IllIndianaois,1
2018,IllIndianaois,1
2018,IllIndianaois,1
2018,IllIndianaois,1
2018,IllIndianaois,1
2018,IllIndianaois,1
2018,IllIndianaois,1
2018,IllIndianaois,1
2018,IllIndianaois,1
2018,IllIndianaois,1
2018,IllIndianaois,1
2018,IllIndianaois,1
2019,IllIndianaois,1
2019,IllIndianaois,1
2019,IllIndianaois,1
2019,IllIndianaois,1
2019,IllIndianaois,1
2019,IllIndianaois,1
2019,IllIndianaois,1
2019,IllIndianaois,1
2019,IllIndianaois,1
2019,IllIndianaois,1
2019,IllIndianaois,1
2019,IllIndianaois,1
2019,IllIndianaois,1
2019,IllIndianaois,1
2019,IllIndianaois,1
2019,IllIndianaois,1
2019,IllIndianaois,1
2019,IllIndianaois,1
2019,IllIndianaois,1
2019,IllIndianaois,1
2019,IllIndianaois,1
2019,IllIndianaois,1
2019,IllIndianaois,1
2019,IllIndianaois,1
2019,IllIndianaois,1
2019,IllIndianaois,1
2019,IllIndianaois,1
2019,IllIndianaois,1
2019,IllIndianaois,1
2019,IllIndianaois,1
2019,IllIndianaois,1
2019,IllIndianaois,1
2019,IllIndianaois,1
2019,IllIndianaois,1
2019,IllIndianaois,1
2019,IllIndianaois,1
2019,IllIndianaois,1
2019,IllIndianaois,1
2019,IllIndianaois,1
2019,IllIndianaois,1
2019,IllIndianaois,1
2019,IllIndianaois,1
2019,IllIndianaois,1
2019,IllIndianaois,1
2019,IllIndianaois,1
2019,IllIndianaois,1
2019,IllIndianaois,1
2019,IllIndianaois,1
2019,IllIndianaois,1
2019,IllIndianaois,1
2019,IllIndianaois,1
2019,IllIndianaois,1
2019,IllIndianaois,1
2020,IllIndianaois,1
2020,IllIndianaois,1
2020,IllIndianaois,1
2020,IllIndianaois,1
2020,IllIndianaois,1
2020,IllIndianaois,1
2020,IllIndianaois,1
2020,IllIndianaois,1
2020,IllIndianaois,1
2020,IllIndianaois,1
2020,IllIndianaois,1
2020,IllIndianaois,1
2020,IllIndianaois,1
2020,IllIndianaois,1
2020,IllIndianaois,1
2020,IllIndianaois,1
2020,IllIndianaois,1
2020,IllIndianaois,1
2020,IllIndianaois,1
2020,IllIndianaois,1
2020,IllIndianaois,1
2020,IllIndianaois,1
2020,IllIndianaois,1
2020,IllIndianaois,1
2020,IllIndianaois,1
2020,IllIndianaois,1
2020,IllIndianaois,1
2020,IllIndianaois,1
2020,IllIndianaois,1
2020,IllIndianaois,1
2020,IllIndianaois,1
2000,Hawaii,1
2000,Hawaii,1
2000,Hawaii,1
2000,Hawaii,1
2000,Hawaii,1
2000,Hawaii,1
2000,Hawaii,1
2000,Hawaii,1
2001,Hawaii,1
2001,Hawaii,1
2001,Hawaii,1
2001,Hawaii,1
2001,Hawaii,1
2001,Hawaii,1
2001,Hawaii,1
2001,Hawaii,1
2002,Hawaii,1
2002,Hawaii,1
2002,Hawaii,1
2002,Hawaii,1
2003,Hawaii,1
2003,Hawaii,1
2004,Hawaii,1
2004,Hawaii,1
2004,Hawaii,1
2004,Hawaii,1
2005,Hawaii,1
2006,Hawaii,1
2006,Hawaii,1
2006,Hawaii,1
2007,Hawaii,1
2007,Hawaii,1
2007,Hawaii,1
2008,Hawaii,1
2008,Hawaii,1
2009,Hawaii,1
2009,Hawaii,1
2010,Hawaii,1
2011,Hawaii,1
2011,Hawaii,1
2011,Hawaii,1
2011,Hawaii,1
2011,Hawaii,1
2012,Hawaii,1
2012,Hawaii,1
2012,Hawaii,1
2012,Hawaii,1
2013,Hawaii,1
2013,Hawaii,1
2013,Hawaii,1
2013,Hawaii,1
2014,Hawaii,1
2014,Hawaii,1
2014,Hawaii,1
2014,Hawaii,1
2015,Hawaii,1
2015,Hawaii,1
2015,Hawaii,1
2015,Hawaii,1
2015,Hawaii,1
2015,Hawaii,1
2016,Hawaii,1
2016,Hawaii,1
2016,Hawaii,1
2016,Hawaii,1
2016,Hawaii,1
2016,Hawaii,1
2016,Hawaii,1
2016,Hawaii,1
2017,Hawaii,1
2017,Hawaii,1
2017,Hawaii,1
2017,Hawaii,1
2017,Hawaii,1
2018,Hawaii,1
2018,Hawaii,1
2018,Hawaii,1
2018,Hawaii,1
2018,Hawaii,1
2018,Hawaii,1
2018,Hawaii,1
2018,Hawaii,1
2018,Hawaii,1
2018,Hawaii,1
2018,Hawaii,1
2018,Hawaii,1
2018,Hawaii,1
2018,Hawaii,1
2018,Hawaii,1
2018,Hawaii,1
2019,Hawaii,1
2019,Hawaii,1
2019,Hawaii,1
2019,Hawaii,1
2019,Hawaii,1
2019,Hawaii,1
2019,Hawaii,1
2019,Hawaii,1
2019,Hawaii,1
2019,Hawaii,1
2019,Hawaii,1
2019,Hawaii,1
2019,Hawaii,1
2020,Hawaii,1
2020,Hawaii,1
2020,Hawaii,1
2020,Hawaii,1
2000,Indiana,1
2000,Indiana,1
2000,Indiana,1
2000,Indiana,1
2000,Indiana,1
2000,Indiana,1
2000,Indiana,1
2000,Indiana,1
2000,Indiana,1
2000,Indiana,1
2000,Indiana,1
2000,Indiana,1
2000,Indiana,1
2000,Indiana,1
2001,Indiana,1
2001,Indiana,1
2001,Indiana,1
2001,Indiana,1
2001,Indiana,1
2001,Indiana,1
2001,Indiana,1
2001,Indiana,1
2001,Indiana,1
2001,Indiana,1
2001,Indiana,1
2001,Indiana,1
2001,Indiana,1
2001,Indiana,1
2002,Indiana,1
2002,Indiana,1
2002,Indiana,1
2002,Indiana,1
2002,Indiana,1
2002,Indiana,1
2002,Indiana,1
2002,Indiana,1
2002,Indiana,1
2002,Indiana,1
2002,Indiana,1
2002,Indiana,1
2002,Indiana,1
2002,Indiana,1
2002,Indiana,1
2002,Indiana,1
2002,Indiana,1
2002,Indiana,1
2002,Indiana,1
2002,Indiana,1
2003,Indiana,1
2003,Indiana,1
2003,Indiana,1
2003,Indiana,1
2003,Indiana,1
2003,Indiana,1
2003,Indiana,1
2003,Indiana,1
2003,Indiana,1
2003,Indiana,1
2003,Indiana,1
2003,Indiana,1
2003,Indiana,1
2003,Indiana,1
2003,Indiana,1
2003,Indiana,1
2003,Indiana,1
2003,Indiana,1
2004,Indiana,1
2004,Indiana,1
2004,Indiana,1
2004,Indiana,1
2004,Indiana,1
2004,Indiana,1
2004,Indiana,1
2004,Indiana,1
2004,Indiana,1
2004,Indiana,1
2004,Indiana,1
2004,Indiana,1
2005,Indiana,1
2005,Indiana,1
2005,Indiana,1
2005,Indiana,1
2005,Indiana,1
2005,Indiana,1
2005,Indiana,1
2005,Indiana,1
2005,Indiana,1
2005,Indiana,1
2005,Indiana,1
2005,Indiana,1
2005,Indiana,1
2005,Indiana,1
2005,Indiana,1
2005,Indiana,1
2005,Indiana,1
2005,Indiana,1
2005,Indiana,1
2005,Indiana,1
2005,Indiana,1
2005,Indiana,1
2006,Indiana,1
2006,Indiana,1
2006,Indiana,1
2006,Indiana,1
2006,Indiana,1
2006,Indiana,1
2006,Indiana,1
2006,Indiana,1
2006,Indiana,1
2006,Indiana,1
2006,Indiana,1
2006,Indiana,1
2006,Indiana,1
2006,Indiana,1
2006,Indiana,1
2006,Indiana,1
2006,Indiana,1
2006,Indiana,1
2007,Indiana,1
2007,Indiana,1
2007,Indiana,1
2007,Indiana,1
2007,Indiana,1
2007,Indiana,1
2007,Indiana,1
2007,Indiana,1
2007,Indiana,1
2007,Indiana,1
2007,Indiana,1
2007,Indiana,1
2007,Indiana,1
2007,Indiana,1
2007,Indiana,1
2007,Indiana,1
2007,Indiana,1
2007,Indiana,1
2007,Indiana,1
2007,Indiana,1
2008,Indiana,1
2008,Indiana,1
2008,Indiana,1
2008,Indiana,1
2008,Indiana,1
2008,Indiana,1
2008,Indiana,1
2008,Indiana,1
2008,Indiana,1
2008,Indiana,1
2008,Indiana,1
2008,Indiana,1
2008,Indiana,1
2008,Indiana,1
2008,Indiana,1
2008,Indiana,1
2008,Indiana,1
2008,Indiana,1
2008,Indiana,1
2008,Indiana,1
2008,Indiana,1
2009,Indiana,1
2009,Indiana,1
2009,Indiana,1
2009,Indiana,1
2009,Indiana,1
2009,Indiana,1
2009,Indiana,1
2009,Indiana,1
2009,Indiana,1
2009,Indiana,1
2009,Indiana,1
2009,Indiana,1
2009,Indiana,1
2009,Indiana,1
2009,Indiana,1
2009,Indiana,1
2009,Indiana,1
2009,Indiana,1
2009,Indiana,1
2009,Indiana,1
2009,Indiana,1
2009,Indiana,1
2009,Indiana,1
2009,Indiana,1
2009,Indiana,1
2009,Indiana,1
2009,Indiana,1
2009,Indiana,1
2009,Indiana,1
2009,Indiana,1
2010,Indiana,1
2010,Indiana,1
2010,Indiana,1
2010,Indiana,1
2010,Indiana,1
2010,Indiana,1
2010,Indiana,1
2010,Indiana,1
2010,Indiana,1
2010,Indiana,1
2010,Indiana,1
2010,Indiana,1
2010,Indiana,1
2010,Indiana,1
2010,Indiana,1
2010,Indiana,1
2010,Indiana,1
2010,Indiana,1
2010,Indiana,1
2010,Indiana,1
2010,Indiana,1
2010,Indiana,1
2010,Indiana,1
2010,Indiana,1
2011,Indiana,1
2011,Indiana,1
2011,Indiana,1
2011,Indiana,1
2011,Indiana,1
2011,Indiana,1
2011,Indiana,1
2011,Indiana,1
2011,Indiana,1
2011,Indiana,1
2011,Indiana,1
2011,Indiana,1
2011,Indiana,1
2011,Indiana,1
2011,Indiana,1
2011,Indiana,1
2011,Indiana,1
2011,Indiana,1
2011,Indiana,1
2011,Indiana,1
2011,Indiana,1
2011,Indiana,1
2011,Indiana,1
2011,Indiana,1
2012,Indiana,1
2012,Indiana,1
2012,Indiana,1
2012,Indiana,1
2012,Indiana,1
2012,Indiana,1
2012,Indiana,1
2012,Indiana,1
2012,Indiana,1
2012,Indiana,1
2012,Indiana,1
2012,Indiana,1
2012,Indiana,1
2012,Indiana,1
2012,Indiana,1
2012,Indiana,1
2012,Indiana,1
2012,Indiana,1
2012,Indiana,1
2012,Indiana,1
2012,Indiana,1
2012,Indiana,1
2012,Indiana,1
2013,Indiana,1
2013,Indiana,1
2013,Indiana,1
2013,Indiana,1
2013,Indiana,1
2013,Indiana,1
2013,Indiana,1
2013,Indiana,1
2013,Indiana,1
2013,Indiana,1
2013,Indiana,1
2013,Indiana,1
2013,Indiana,1
2013,Indiana,1
2013,Indiana,1
2013,Indiana,1
2013,Indiana,1
2013,Indiana,1
2013,Indiana,1
2013,Indiana,1
2013,Indiana,1
2013,Indiana,1
2013,Indiana,1
2013,Indiana,1
2013,Indiana,1
2013,Indiana,1
2013,Indiana,1
2013,Indiana,1
2013,Indiana,1
2013,Indiana,1
2013,Indiana,1
2013,Indiana,1
2013,Indiana,1
2013,Indiana,1
2013,Indiana,1
2013,Indiana,1
2013,Indiana,1
2013,Indiana,1
2013,Indiana,1
2014,Indiana,1
2014,Indiana,1
2014,Indiana,1
2014,Indiana,1
2014,Indiana,1
2014,Indiana,1
2014,Indiana,1
2014,Indiana,1
2014,Indiana,1
2014,Indiana,1
2014,Indiana,1
2014,Indiana,1
2014,Indiana,1
2014,Indiana,1
2014,Indiana,1
2014,Indiana,1
2014,Indiana,1
2014,Indiana,1
2014,Indiana,1
2014,Indiana,1
2014,Indiana,1
2015,Indiana,1
2015,Indiana,1
2015,Indiana,1
2015,Indiana,1
2015,Indiana,1
2015,Indiana,1
2015,Indiana,1
2015,Indiana,1
2015,Indiana,1
2015,Indiana,1
2015,Indiana,1
2015,Indiana,1
2015,Indiana,1
2015,Indiana,1
2015,Indiana,1
2015,Indiana,1
2015,Indiana,1
2015,Indiana,1
2015,Indiana,1
2015,Indiana,1
2015,Indiana,1
2015,Indiana,1
2015,Indiana,1
2015,Indiana,1
2015,Indiana,1
2015,Indiana,1
2015,Indiana,1
2015,Indiana,1
2015,Indiana,1
2015,Indiana,1
2015,Indiana,1
2015,Indiana,1
2015,Indiana,1
2015,Indiana,1
2015,Indiana,1
2016,Indiana,1
2016,Indiana,1
2016,Indiana,1
2016,Indiana,1
2016,Indiana,1
2016,Indiana,1
2016,Indiana,1
2016,Indiana,1
2016,Indiana,1
2016,Indiana,1
2016,Indiana,1
2016,Indiana,1
2016,Indiana,1
2016,Indiana,1
2016,Indiana,1
2016,Indiana,1
2016,Indiana,1
2016,Indiana,1
2016,Indiana,1
2016,Indiana,1
2016,Indiana,1
2016,Indiana,1
2016,Indiana,1
2016,Indiana,1
2016,Indiana,1
2017,Indiana,1
2017,Indiana,1
2017,Indiana,1
2017,Indiana,1
2017,Indiana,1
2017,Indiana,1
2017,Indiana,1
2017,Indiana,1
2017,Indiana,1
2017,Indiana,1
2017,Indiana,1
2017,Indiana,1
2017,Indiana,1
2017,Indiana,1
2017,Indiana,1
2017,Indiana,1
2017,Indiana,1
2017,Indiana,1
2017,Indiana,1
2017,Indiana,1
2017,Indiana,1
2017,Indiana,1
2017,Indiana,1
2017,Indiana,1
2017,Indiana,1
2017,Indiana,1
2017,Indiana,1
2017,Indiana,1
2017,Indiana,1
2017,Indiana,1
2017,Indiana,1
2017,Indiana,1
2017,Indiana,1
2017,Indiana,1
2017,Indiana,1
2017,Indiana,1
2017,Indiana,1
2017,Indiana,1
2017,Indiana,1
2017,Indiana,1
2017,Indiana,1
2017,Indiana,1
2017,Indiana,1
2018,Indiana,1
2018,Indiana,1
2018,Indiana,1
2018,Indiana,1
2018,Indiana,1
2018,Indiana,1
2018,Indiana,1
2018,Indiana,1
2018,Indiana,1
2018,Indiana,1
2018,Indiana,1
2018,Indiana,1
2018,Indiana,1
2018,Indiana,1
2018,Indiana,1
2018,Indiana,1
2018,Indiana,1
2018,Indiana,1
2018,Indiana,1
2018,Indiana,1
2018,Indiana,1
2018,Indiana,1
2018,Indiana,1
2018,Indiana,1
2018,Indiana,1
2018,Indiana,1
2018,Indiana,1
2018,Indiana,1
2018,Indiana,1
2018,Indiana,1
2018,Indiana,1
2018,Indiana,1
2019,Indiana,1
2019,Indiana,1
2019,Indiana,1
2019,Indiana,1
2019,Indiana,1
2019,Indiana,1
2019,Indiana,1
2019,Indiana,1
2019,Indiana,1
2019,Indiana,1
2019,Indiana,1
2019,Indiana,1
2019,Indiana,1
2019,Indiana,1
2019,Indiana,1
2019,Indiana,1
2019,Indiana,1
2019,Indiana,1
2019,Indiana,1
2019,Indiana,1
2019,Indiana,1
2019,Indiana,1
2019,Indiana,1
2019,Indiana,1
2019,Indiana,1
2019,Indiana,1
2019,Indiana,1
2019,Indiana,1
2019,Indiana,1
2019,Indiana,1
2019,Indiana,1
2019,Indiana,1
2019,Indiana,1
2019,Indiana,1
2019,Indiana,1
2019,Indiana,1
2019,Indiana,1
2019,Indiana,1
2019,Indiana,1
2019,Indiana,1
2019,Indiana,1
2019,Indiana,1
2019,Indiana,1
2019,Indiana,1
2020,Indiana,1
2020,Indiana,1
2020,Indiana,1
2020,Indiana,1
2020,Indiana,1
2020,Indiana,1
2020,Indiana,1
2020,Indiana,1
2020,Indiana,1
2020,Indiana,1
2020,Indiana,1
2020,Indiana,1
2020,Indiana,1
2020,Indiana,1
2020,Indiana,1
2020,Indiana,1
2020,Indiana,1
2020,Indiana,1
2020,Indiana,1
2020,Indiana,1
2020,Indiana,1
2020,Indiana,1
2020,Indiana,1
2020,Indiana,1
2020,Indiana,1
2020,Indiana,1
2020,Indiana,1
2020,Indiana,1
2020,Indiana,1
2020,Indiana,1
2020,Indiana,1
2020,Indiana,1
2020,Indiana,1
2020,Indiana,1
2000,Tennessee,1
2000,Tennessee,1
2000,Tennessee,1
2000,Tennessee,1
2000,Tennessee,1
2000,Tennessee,1
2000,Tennessee,1
2000,Tennessee,1
2000,Tennessee,1
2000,Tennessee,1
2000,Tennessee,1
2000,Tennessee,1
2000,Tennessee,1
2000,Tennessee,1
2000,Tennessee,1
2000,Tennessee,1
2000,Tennessee,1
2000,Tennessee,1
2000,Tennessee,1
2000,Tennessee,1
2001,Tennessee,1
2001,Tennessee,1
2001,Tennessee,1
2001,Tennessee,1
2001,Tennessee,1
2001,Tennessee,1
2001,Tennessee,1
2001,Tennessee,1
2001,Tennessee,1
2001,Tennessee,1
2001,Tennessee,1
2001,Tennessee,1
2001,Tennessee,1
2001,Tennessee,1
2001,Tennessee,1
2001,Tennessee,1
2001,Tennessee,1
2001,Tennessee,1
2001,Tennessee,1
2001,Tennessee,1
2001,Tennessee,1
2001,Tennessee,1
2001,Tennessee,1
2001,Tennessee,1
2001,Tennessee,1
2001,Tennessee,1
2001,Tennessee,1
2002,Tennessee,1
2002,Tennessee,1
2002,Tennessee,1
2002,Tennessee,1
2002,Tennessee,1
2002,Tennessee,1
2002,Tennessee,1
2002,Tennessee,1
2002,Tennessee,1
2002,Tennessee,1
2002,Tennessee,1
2002,Tennessee,1
2002,Tennessee,1
2002,Tennessee,1
2002,Tennessee,1
2002,Tennessee,1
2002,Tennessee,1
2002,Tennessee,1
2002,Tennessee,1
2002,Tennessee,1
2002,Tennessee,1
2002,Tennessee,1
2002,Tennessee,1
2002,Tennessee,1
2003,Tennessee,1
2003,Tennessee,1
2003,Tennessee,1
2003,Tennessee,1
2003,Tennessee,1
2003,Tennessee,1
2003,Tennessee,1
2003,Tennessee,1
2003,Tennessee,1
2003,Tennessee,1
2003,Tennessee,1
2003,Tennessee,1
2003,Tennessee,1
2003,Tennessee,1
2003,Tennessee,1
2003,Tennessee,1
2003,Tennessee,1
2003,Tennessee,1
2003,Tennessee,1
2003,Tennessee,1
2003,Tennessee,1
2003,Tennessee,1
2003,Tennessee,1
2003,Tennessee,1
2004,Tennessee,1
2004,Tennessee,1
2004,Tennessee,1
2004,Tennessee,1
2004,Tennessee,1
2004,Tennessee,1
2004,Tennessee,1
2004,Tennessee,1
2004,Tennessee,1
2004,Tennessee,1
2004,Tennessee,1
2004,Tennessee,1
2004,Tennessee,1
2004,Tennessee,1
2004,Tennessee,1
2004,Tennessee,1
2004,Tennessee,1
2004,Tennessee,1
2004,Tennessee,1
2004,Tennessee,1
2004,Tennessee,1
2004,Tennessee,1
2004,Tennessee,1
2004,Tennessee,1
2004,Tennessee,1
2004,Tennessee,1
2004,Tennessee,1
2004,Tennessee,1
2005,Tennessee,1
2005,Tennessee,1
2005,Tennessee,1
2005,Tennessee,1
2005,Tennessee,1
2005,Tennessee,1
2005,Tennessee,1
2005,Tennessee,1
2005,Tennessee,1
2005,Tennessee,1
2005,Tennessee,1
2005,Tennessee,1
2005,Tennessee,1
2005,Tennessee,1
2005,Tennessee,1
2005,Tennessee,1
2005,Tennessee,1
2005,Tennessee,1
2006,Tennessee,1
2006,Tennessee,1
2006,Tennessee,1
2006,Tennessee,1
2006,Tennessee,1
2006,Tennessee,1
2006,Tennessee,1
2006,Tennessee,1
2006,Tennessee,1
2006,Tennessee,1
2006,Tennessee,1
2006,Tennessee,1
2006,Tennessee,1
2006,Tennessee,1
2006,Tennessee,1
2006,Tennessee,1
2006,Tennessee,1
2006,Tennessee,1
2006,Tennessee,1
2006,Tennessee,1
2006,Tennessee,1
2006,Tennessee,1
2006,Tennessee,1
2006,Tennessee,1
2006,Tennessee,1
2006,Tennessee,1
2006,Tennessee,1
2006,Tennessee,1
2006,Tennessee,1
2006,Tennessee,1
2006,Tennessee,1
2007,Tennessee,1
2007,Tennessee,1
2007,Tennessee,1
2007,Tennessee,1
2007,Tennessee,1
2007,Tennessee,1
2007,Tennessee,1
2007,Tennessee,1
2007,Tennessee,1
2007,Tennessee,1
2007,Tennessee,1
2007,Tennessee,1
2007,Tennessee,1
2007,Tennessee,1
2007,Tennessee,1
2007,Tennessee,1
2007,Tennessee,1
2007,Tennessee,1
2007,Tennessee,1
2007,Tennessee,1
2007,Tennessee,1
2007,Tennessee,1
2007,Tennessee,1
2007,Tennessee,1
2007,Tennessee,1
2008,Tennessee,1
2008,Tennessee,1
2008,Tennessee,1
2008,Tennessee,1
2008,Tennessee,1
2008,Tennessee,1
2008,Tennessee,1
2008,Tennessee,1
2008,Tennessee,1
2008,Tennessee,1
2008,Tennessee,1
2008,Tennessee,1
2008,Tennessee,1
2008,Tennessee,1
2008,Tennessee,1
2008,Tennessee,1
2008,Tennessee,1
2008,Tennessee,1
2008,Tennessee,1
2008,Tennessee,1
2008,Tennessee,1
2008,Tennessee,1
2008,Tennessee,1
2008,Tennessee,1
2008,Tennessee,1
2009,Tennessee,1
2009,Tennessee,1
2009,Tennessee,1
2009,Tennessee,1
2009,Tennessee,1
2009,Tennessee,1
2009,Tennessee,1
2009,Tennessee,1
2009,Tennessee,1
2009,Tennessee,1
2009,Tennessee,1
2009,Tennessee,1
2009,Tennessee,1
2009,Tennessee,1
2009,Tennessee,1
2009,Tennessee,1
2009,Tennessee,1
2009,Tennessee,1
2009,Tennessee,1
2010,Tennessee,1
2010,Tennessee,1
2010,Tennessee,1
2010,Tennessee,1
2010,Tennessee,1
2010,Tennessee,1
2010,Tennessee,1
2010,Tennessee,1
2010,Tennessee,1
2010,Tennessee,1
2010,Tennessee,1
2010,Tennessee,1
2010,Tennessee,1
2010,Tennessee,1
2010,Tennessee,1
2010,Tennessee,1
2010,Tennessee,1
2010,Tennessee,1
2010,Tennessee,1
2010,Tennessee,1
2010,Tennessee,1
2010,Tennessee,1
2010,Tennessee,1
2010,Tennessee,1
2010,Tennessee,1
2010,Tennessee,1
2011,Tennessee,1
2011,Tennessee,1
2011,Tennessee,1
2011,Tennessee,1
2011,Tennessee,1
2011,Tennessee,1
2011,Tennessee,1
2011,Tennessee,1
2011,Tennessee,1
2011,Tennessee,1
2011,Tennessee,1
2011,Tennessee,1
2011,Tennessee,1
2011,Tennessee,1
2011,Tennessee,1
2011,Tennessee,1
2011,Tennessee,1
2011,Tennessee,1
2011,Tennessee,1
2011,Tennessee,1
2012,Tennessee,1
2012,Tennessee,1
2012,Tennessee,1
2012,Tennessee,1
2012,Tennessee,1
2012,Tennessee,1
2012,Tennessee,1
2012,Tennessee,1
2012,Tennessee,1
2012,Tennessee,1
2012,Tennessee,1
2012,Tennessee,1
2012,Tennessee,1
2012,Tennessee,1
2012,Tennessee,1
2012,Tennessee,1
2012,Tennessee,1
2012,Tennessee,1
2012,Tennessee,1
2012,Tennessee,1
2012,Tennessee,1
2012,Tennessee,1
2012,Tennessee,1
2012,Tennessee,1
2012,Tennessee,1
2012,Tennessee,1
2012,Tennessee,1
2012,Tennessee,1
2012,Tennessee,1
2012,Tennessee,1
2012,Tennessee,1
2012,Tennessee,1
2012,Tennessee,1
2012,Tennessee,1
2013,Tennessee,1
2013,Tennessee,1
2013,Tennessee,1
2013,Tennessee,1
2013,Tennessee,1
2013,Tennessee,1
2013,Tennessee,1
2013,Tennessee,1
2013,Tennessee,1
2013,Tennessee,1
2013,Tennessee,1
2013,Tennessee,1
2013,Tennessee,1
2013,Tennessee,1
2013,Tennessee,1
2013,Tennessee,1
2013,Tennessee,1
2013,Tennessee,1
2013,Tennessee,1
2013,Tennessee,1
2013,Tennessee,1
2013,Tennessee,1
2013,Tennessee,1
2013,Tennessee,1
2013,Tennessee,1
2013,Tennessee,1
2013,Tennessee,1
2013,Tennessee,1
2013,Tennessee,1
2013,Tennessee,1
2013,Tennessee,1
2013,Tennessee,1
2013,Tennessee,1
2014,Tennessee,1
2014,Tennessee,1
2014,Tennessee,1
2014,Tennessee,1
2014,Tennessee,1
2014,Tennessee,1
2014,Tennessee,1
2014,Tennessee,1
2014,Tennessee,1
2014,Tennessee,1
2014,Tennessee,1
2014,Tennessee,1
2014,Tennessee,1
2014,Tennessee,1
2014,Tennessee,1
2014,Tennessee,1
2014,Tennessee,1
2014,Tennessee,1
2014,Tennessee,1
2014,Tennessee,1
2014,Tennessee,1
2014,Tennessee,1
2014,Tennessee,1
2014,Tennessee,1
2014,Tennessee,1
2014,Tennessee,1
2014,Tennessee,1
2014,Tennessee,1
2014,Tennessee,1
2014,Tennessee,1
2014,Tennessee,1
2014,Tennessee,1
2014,Tennessee,1
2014,Tennessee,1
2015,Tennessee,1
2015,Tennessee,1
2015,Tennessee,1
2015,Tennessee,1
2015,Tennessee,1
2015,Tennessee,1
2015,Tennessee,1
2015,Tennessee,1
2015,Tennessee,1
2015,Tennessee,1
2015,Tennessee,1
2015,Tennessee,1
2015,Tennessee,1
2015,Tennessee,1
2015,Tennessee,1
2015,Tennessee,1
2015,Tennessee,1
2015,Tennessee,1
2015,Tennessee,1
2015,Tennessee,1
2015,Tennessee,1
2015,Tennessee,1
2015,Tennessee,1
2015,Tennessee,1
2015,Tennessee,1
2015,Tennessee,1
2016,Tennessee,1
2016,Tennessee,1
2016,Tennessee,1
2016,Tennessee,1
2016,Tennessee,1
2016,Tennessee,1
2016,Tennessee,1
2016,Tennessee,1
2016,Tennessee,1
2016,Tennessee,1
2016,Tennessee,1
2016,Tennessee,1
2016,Tennessee,1
2016,Tennessee,1
2016,Tennessee,1
2016,Tennessee,1
2016,Tennessee,1
2016,Tennessee,1
2016,Tennessee,1
2016,Tennessee,1
2016,Tennessee,1
2016,Tennessee,1
2016,Tennessee,1
2016,Tennessee,1
2016,Tennessee,1
2016,Tennessee,1
2016,Tennessee,1
2016,Tennessee,1
2016,Tennessee,1
2016,Tennessee,1
2016,Tennessee,1
2016,Tennessee,1
2016,Tennessee,1
2016,Tennessee,1
2016,Tennessee,1
2016,Tennessee,1
2017,Tennessee,1
2017,Tennessee,1
2017,Tennessee,1
2017,Tennessee,1
2017,Tennessee,1
2017,Tennessee,1
2017,Tennessee,1
2017,Tennessee,1
2017,Tennessee,1
2017,Tennessee,1
2017,Tennessee,1
2017,Tennessee,1
2017,Tennessee,1
2017,Tennessee,1
2017,Tennessee,1
2017,Tennessee,1
2017,Tennessee,1
2017,Tennessee,1
2017,Tennessee,1
2017,Tennessee,1
2017,Tennessee,1
2017,Tennessee,1
2017,Tennessee,1
2017,Tennessee,1
2017,Tennessee,1
2017,Tennessee,1
2017,Tennessee,1
2017,Tennessee,1
2017,Tennessee,1
2017,Tennessee,1
2017,Tennessee,1
2017,Tennessee,1
2017,Tennessee,1
2017,Tennessee,1
2017,Tennessee,1
2017,Tennessee,1
2017,Tennessee,1
2017,Tennessee,1
2018,Tennessee,1
2018,Tennessee,1
2018,Tennessee,1
2018,Tennessee,1
2018,Tennessee,1
2018,Tennessee,1
2018,Tennessee,1
2018,Tennessee,1
2018,Tennessee,1
2018,Tennessee,1
2018,Tennessee,1
2018,Tennessee,1
2018,Tennessee,1
2018,Tennessee,1
2018,Tennessee,1
2018,Tennessee,1
2018,Tennessee,1
2018,Tennessee,1
2018,Tennessee,1
2018,Tennessee,1
2018,Tennessee,1
2018,Tennessee,1
2018,Tennessee,1
2018,Tennessee,1
2018,Tennessee,1
2018,Tennessee,1
2018,Tennessee,1
2018,Tennessee,1
2018,Tennessee,1
2018,Tennessee,1
2018,Tennessee,1
2018,Tennessee,1
2018,Tennessee,1
2018,Tennessee,1
2018,Tennessee,1
2018,Tennessee,1
2018,Tennessee,1
2018,Tennessee,1
2018,Tennessee,1
2018,Tennessee,1
2018,Tennessee,1
2018,Tennessee,1
2018,Tennessee,1
2018,Tennessee,1
2019,Tennessee,1
2019,Tennessee,1
2019,Tennessee,1
2019,Tennessee,1
2019,Tennessee,1
2019,Tennessee,1
2019,Tennessee,1
2019,Tennessee,1
2019,Tennessee,1
2019,Tennessee,1
2019,Tennessee,1
2019,Tennessee,1
2019,Tennessee,1
2019,Tennessee,1
2019,Tennessee,1
2019,Tennessee,1
2019,Tennessee,1
2019,Tennessee,1
2019,Tennessee,1
2019,Tennessee,1
2019,Tennessee,1
2019,Tennessee,1
2019,Tennessee,1
2019,Tennessee,1
2019,Tennessee,1
2019,Tennessee,1
2019,Tennessee,1
2019,Tennessee,1
2019,Tennessee,1
2019,Tennessee,1
2019,Tennessee,1
2019,Tennessee,1
2019,Tennessee,1
2019,Tennessee,1
2019,Tennessee,1
2019,Tennessee,1
2019,Tennessee,1
2019,Tennessee,1
2019,Tennessee,1
2019,Tennessee,1
2019,Tennessee,1
2019,Tennessee,1
2019,Tennessee,1
2019,Tennessee,1
2019,Tennessee,1
2019,Tennessee,1
2019,Tennessee,1
2019,Tennessee,1
2019,Tennessee,1
2019,Tennessee,1
2020,Tennessee,1
2020,Tennessee,1
2020,Tennessee,1
2020,Tennessee,1
2020,Tennessee,1
2020,Tennessee,1
2020,Tennessee,1
2020,Tennessee,1
2020,Tennessee,1
2020,Tennessee,1
2020,Tennessee,1
2020,Tennessee,1
2020,Tennessee,1
2020,Tennessee,1
2020,Tennessee,1
2020,Tennessee,1
2020,Tennessee,1
2020,Tennessee,1
2020,Tennessee,1
2020,Tennessee,1
2020,Tennessee,1
2020,Tennessee,1
2020,Tennessee,1
2020,Tennessee,1
2020,Tennessee,1
2020,Tennessee,1
2020,Tennessee,1
2020,Tennessee,1
2020,Tennessee,1
2020,Tennessee,1
2020,Tennessee,1
2020,Tennessee,1
2020,Tennessee,1
2020,Tennessee,1
2020,Tennessee,1
2020,Tennessee,1
2000,Louisiana,1
2000,Louisiana,1
2000,Louisiana,1
2000,Louisiana,1
2000,Louisiana,1
2000,Louisiana,1
2000,Louisiana,1
2000,Louisiana,1
2000,Louisiana,1
2000,Louisiana,1
2000,Louisiana,1
2000,Louisiana,1
2000,Louisiana,1
2000,Louisiana,1
2000,Louisiana,1
2000,Louisiana,1
2000,Louisiana,1
2001,Louisiana,1
2001,Louisiana,1
2001,Louisiana,1
2001,Louisiana,1
2001,Louisiana,1
2001,Louisiana,1
2001,Louisiana,1
2001,Louisiana,1
2001,Louisiana,1
2001,Louisiana,1
2001,Louisiana,1
2001,Louisiana,1
2001,Louisiana,1
2001,Louisiana,1
2001,Louisiana,1
2001,Louisiana,1
2001,Louisiana,1
2001,Louisiana,1
2001,Louisiana,1
2001,Louisiana,1
2002,Louisiana,1
2002,Louisiana,1
2002,Louisiana,1
2002,Louisiana,1
2002,Louisiana,1
2002,Louisiana,1
2002,Louisiana,1
2002,Louisiana,1
2002,Louisiana,1
2003,Louisiana,1
2003,Louisiana,1
2003,Louisiana,1
2003,Louisiana,1
2003,Louisiana,1
2003,Louisiana,1
2003,Louisiana,1
2003,Louisiana,1
2003,Louisiana,1
2003,Louisiana,1
2003,Louisiana,1
2003,Louisiana,1
2003,Louisiana,1
2003,Louisiana,1
2003,Louisiana,1
2003,Louisiana,1
2003,Louisiana,1
2003,Louisiana,1
2003,Louisiana,1
2003,Louisiana,1
2003,Louisiana,1
2003,Louisiana,1
2003,Louisiana,1
2003,Louisiana,1
2003,Louisiana,1
2003,Louisiana,1
2004,Louisiana,1
2004,Louisiana,1
2004,Louisiana,1
2004,Louisiana,1
2004,Louisiana,1
2004,Louisiana,1
2004,Louisiana,1
2004,Louisiana,1
2004,Louisiana,1
2004,Louisiana,1
2004,Louisiana,1
2004,Louisiana,1
2004,Louisiana,1
2004,Louisiana,1
2004,Louisiana,1
2004,Louisiana,1
2004,Louisiana,1
2004,Louisiana,1
2004,Louisiana,1
2004,Louisiana,1
2004,Louisiana,1
2004,Louisiana,1
2004,Louisiana,1
2004,Louisiana,1
2004,Louisiana,1
2004,Louisiana,1
2004,Louisiana,1
2004,Louisiana,1
2004,Louisiana,1
2004,Louisiana,1
2004,Louisiana,1
2004,Louisiana,1
2004,Louisiana,1
2005,Louisiana,1
2005,Louisiana,1
2005,Louisiana,1
2005,Louisiana,1
2005,Louisiana,1
2005,Louisiana,1
2005,Louisiana,1
2005,Louisiana,1
2005,Louisiana,1
2005,Louisiana,1
2005,Louisiana,1
2005,Louisiana,1
2005,Louisiana,1
2005,Louisiana,1
2005,Louisiana,1
2005,Louisiana,1
2005,Louisiana,1
2005,Louisiana,1
2005,Louisiana,1
2005,Louisiana,1
2005,Louisiana,1
2005,Louisiana,1
2005,Louisiana,1
2005,Louisiana,1
2005,Louisiana,1
2005,Louisiana,1
2005,Louisiana,1
2005,Louisiana,1
2005,Louisiana,1
2005,Louisiana,1
2005,Louisiana,1
2005,Louisiana,1
2005,Louisiana,1
2005,Louisiana,1
2005,Louisiana,1
2005,Louisiana,1
2005,Louisiana,1
2005,Louisiana,1
2005,Louisiana,1
2005,Louisiana,1
2006,Louisiana,1
2006,Louisiana,1
2006,Louisiana,1
2006,Louisiana,1
2006,Louisiana,1
2006,Louisiana,1
2006,Louisiana,1
2006,Louisiana,1
2006,Louisiana,1
2006,Louisiana,1
2006,Louisiana,1
2006,Louisiana,1
2006,Louisiana,1
2006,Louisiana,1
2006,Louisiana,1
2006,Louisiana,1
2006,Louisiana,1
2006,Louisiana,1
2006,Louisiana,1
2006,Louisiana,1
2006,Louisiana,1
2006,Louisiana,1
2006,Louisiana,1
2006,Louisiana,1
2006,Louisiana,1
2006,Louisiana,1
2007,Louisiana,1
2007,Louisiana,1
2007,Louisiana,1
2007,Louisiana,1
2007,Louisiana,1
2007,Louisiana,1
2007,Louisiana,1
2007,Louisiana,1
2007,Louisiana,1
2007,Louisiana,1
2007,Louisiana,1
2007,Louisiana,1
2007,Louisiana,1
2007,Louisiana,1
2007,Louisiana,1
2007,Louisiana,1
2007,Louisiana,1
2007,Louisiana,1
2007,Louisiana,1
2007,Louisiana,1
2007,Louisiana,1
2007,Louisiana,1
2007,Louisiana,1
2007,Louisiana,1
2007,Louisiana,1
2007,Louisiana,1
2007,Louisiana,1
2007,Louisiana,1
2007,Louisiana,1
2008,Louisiana,1
2008,Louisiana,1
2008,Louisiana,1
2008,Louisiana,1
2008,Louisiana,1
2008,Louisiana,1
2008,Louisiana,1
2008,Louisiana,1
2008,Louisiana,1
2008,Louisiana,1
2008,Louisiana,1
2008,Louisiana,1
2008,Louisiana,1
2008,Louisiana,1
2008,Louisiana,1
2008,Louisiana,1
2008,Louisiana,1
2009,Louisiana,1
2009,Louisiana,1
2009,Louisiana,1
2009,Louisiana,1
2009,Louisiana,1
2009,Louisiana,1
2009,Louisiana,1
2009,Louisiana,1
2009,Louisiana,1
2009,Louisiana,1
2009,Louisiana,1
2009,Louisiana,1
2009,Louisiana,1
2009,Louisiana,1
2009,Louisiana,1
2009,Louisiana,1
2009,Louisiana,1
2009,Louisiana,1
2009,Louisiana,1
2009,Louisiana,1
2009,Louisiana,1
2009,Louisiana,1
2009,Louisiana,1
2009,Louisiana,1
2009,Louisiana,1
2009,Louisiana,1
2009,Louisiana,1
2009,Louisiana,1
2010,Louisiana,1
2010,Louisiana,1
2010,Louisiana,1
2010,Louisiana,1
2010,Louisiana,1
2010,Louisiana,1
2010,Louisiana,1
2010,Louisiana,1
2010,Louisiana,1
2010,Louisiana,1
2010,Louisiana,1
2010,Louisiana,1
2010,Louisiana,1
2010,Louisiana,1
2010,Louisiana,1
2010,Louisiana,1
2010,Louisiana,1
2011,Louisiana,1
2011,Louisiana,1
2011,Louisiana,1
2011,Louisiana,1
2011,Louisiana,1
2011,Louisiana,1
2011,Louisiana,1
2011,Louisiana,1
2011,Louisiana,1
2011,Louisiana,1
2011,Louisiana,1
2011,Louisiana,1
2011,Louisiana,1
2011,Louisiana,1
2011,Louisiana,1
2011,Louisiana,1
2011,Louisiana,1
2011,Louisiana,1
2011,Louisiana,1
2011,Louisiana,1
2011,Louisiana,1
2011,Louisiana,1
2011,Louisiana,1
2011,Louisiana,1
2011,Louisiana,1
2011,Louisiana,1
2011,Louisiana,1
2011,Louisiana,1
2011,Louisiana,1
2012,Louisiana,1
2012,Louisiana,1
2012,Louisiana,1
2012,Louisiana,1
2012,Louisiana,1
2012,Louisiana,1
2012,Louisiana,1
2012,Louisiana,1
2012,Louisiana,1
2012,Louisiana,1
2012,Louisiana,1
2012,Louisiana,1
2012,Louisiana,1
2012,Louisiana,1
2012,Louisiana,1
2012,Louisiana,1
2012,Louisiana,1
2012,Louisiana,1
2012,Louisiana,1
2012,Louisiana,1
2012,Louisiana,1
2012,Louisiana,1
2012,Louisiana,1
2012,Louisiana,1
2012,Louisiana,1
2012,Louisiana,1
2012,Louisiana,1
2012,Louisiana,1
2012,Louisiana,1
2012,Louisiana,1
2012,Louisiana,1
2012,Louisiana,1
2012,Louisiana,1
2012,Louisiana,1
2012,Louisiana,1
2012,Louisiana,1
2012,Louisiana,1
2012,Louisiana,1
2012,Louisiana,1
2012,Louisiana,1
2013,Louisiana,1
2013,Louisiana,1
2013,Louisiana,1
2013,Louisiana,1
2013,Louisiana,1
2013,Louisiana,1
2013,Louisiana,1
2013,Louisiana,1
2013,Louisiana,1
2013,Louisiana,1
2013,Louisiana,1
2013,Louisiana,1
2013,Louisiana,1
2013,Louisiana,1
2013,Louisiana,1
2013,Louisiana,1
2013,Louisiana,1
2013,Louisiana,1
2013,Louisiana,1
2013,Louisiana,1
2013,Louisiana,1
2013,Louisiana,1
2013,Louisiana,1
2013,Louisiana,1
2013,Louisiana,1
2014,Louisiana,1
2014,Louisiana,1
2014,Louisiana,1
2014,Louisiana,1
2014,Louisiana,1
2014,Louisiana,1
2014,Louisiana,1
2014,Louisiana,1
2014,Louisiana,1
2014,Louisiana,1
2014,Louisiana,1
2014,Louisiana,1
2014,Louisiana,1
2014,Louisiana,1
2014,Louisiana,1
2014,Louisiana,1
2014,Louisiana,1
2014,Louisiana,1
2014,Louisiana,1
2014,Louisiana,1
2014,Louisiana,1
2014,Louisiana,1
2014,Louisiana,1
2014,Louisiana,1
2014,Louisiana,1
2014,Louisiana,1
2014,Louisiana,1
2014,Louisiana,1
2014,Louisiana,1
2014,Louisiana,1
2014,Louisiana,1
2014,Louisiana,1
2014,Louisiana,1
2014,Louisiana,1
2014,Louisiana,1
2014,Louisiana,1
2014,Louisiana,1
2014,Louisiana,1
2014,Louisiana,1
2014,Louisiana,1
2014,Louisiana,1
2014,Louisiana,1
2014,Louisiana,1
2014,Louisiana,1
2014,Louisiana,1
2014,Louisiana,1
2015,Louisiana,1
2015,Louisiana,1
2015,Louisiana,1
2015,Louisiana,1
2015,Louisiana,1
2015,Louisiana,1
2015,Louisiana,1
2015,Louisiana,1
2015,Louisiana,1
2015,Louisiana,1
2015,Louisiana,1
2015,Louisiana,1
2015,Louisiana,1
2015,Louisiana,1
2015,Louisiana,1
2015,Louisiana,1
2015,Louisiana,1
2015,Louisiana,1
2015,Louisiana,1
2015,Louisiana,1
2015,Louisiana,1
2015,Louisiana,1
2015,Louisiana,1
2015,Louisiana,1
2015,Louisiana,1
2015,Louisiana,1
2015,Louisiana,1
2015,Louisiana,1
2015,Louisiana,1
2015,Louisiana,1
2015,Louisiana,1
2015,Louisiana,1
2015,Louisiana,1
2015,Louisiana,1
2015,Louisiana,1
2015,Louisiana,1
2015,Louisiana,1
2015,Louisiana,1
2015,Louisiana,1
2015,Louisiana,1
2015,Louisiana,1
2015,Louisiana,1
2015,Louisiana,1
2015,Louisiana,1
2015,Louisiana,1
2015,Louisiana,1
2016,Louisiana,1
2016,Louisiana,1
2016,Louisiana,1
2016,Louisiana,1
2016,Louisiana,1
2016,Louisiana,1
2016,Louisiana,1
2016,Louisiana,1
2016,Louisiana,1
2016,Louisiana,1
2016,Louisiana,1
2016,Louisiana,1
2016,Louisiana,1
2016,Louisiana,1
2016,Louisiana,1
2016,Louisiana,1
2016,Louisiana,1
2016,Louisiana,1
2016,Louisiana,1
2016,Louisiana,1
2016,Louisiana,1
2016,Louisiana,1
2016,Louisiana,1
2016,Louisiana,1
2016,Louisiana,1
2016,Louisiana,1
2016,Louisiana,1
2016,Louisiana,1
2016,Louisiana,1
2016,Louisiana,1
2017,Louisiana,1
2017,Louisiana,1
2017,Louisiana,1
2017,Louisiana,1
2017,Louisiana,1
2017,Louisiana,1
2017,Louisiana,1
2017,Louisiana,1
2017,Louisiana,1
2017,Louisiana,1
2017,Louisiana,1
2017,Louisiana,1
2017,Louisiana,1
2017,Louisiana,1
2017,Louisiana,1
2017,Louisiana,1
2017,Louisiana,1
2017,Louisiana,1
2017,Louisiana,1
2017,Louisiana,1
2017,Louisiana,1
2017,Louisiana,1
2017,Louisiana,1
2017,Louisiana,1
2017,Louisiana,1
2017,Louisiana,1
2017,Louisiana,1
2017,Louisiana,1
2017,Louisiana,1
2017,Louisiana,1
2017,Louisiana,1
2017,Louisiana,1
2017,Louisiana,1
2017,Louisiana,1
2017,Louisiana,1
2017,Louisiana,1
2018,Louisiana,1
2018,Louisiana,1
2018,Louisiana,1
2018,Louisiana,1
2018,Louisiana,1
2018,Louisiana,1
2018,Louisiana,1
2018,Louisiana,1
2018,Louisiana,1
2018,Louisiana,1
2018,Louisiana,1
2018,Louisiana,1
2018,Louisiana,1
2018,Louisiana,1
2018,Louisiana,1
2018,Louisiana,1
2018,Louisiana,1
2018,Louisiana,1
2018,Louisiana,1
2018,Louisiana,1
2018,Louisiana,1
2018,Louisiana,1
2018,Louisiana,1
2018,Louisiana,1
2018,Louisiana,1
2018,Louisiana,1
2018,Louisiana,1
2019,Louisiana,1
2019,Louisiana,1
2019,Louisiana,1
2019,Louisiana,1
2019,Louisiana,1
2019,Louisiana,1
2019,Louisiana,1
2019,Louisiana,1
2019,Louisiana,1
2019,Louisiana,1
2019,Louisiana,1
2019,Louisiana,1
2019,Louisiana,1
2019,Louisiana,1
2019,Louisiana,1
2019,Louisiana,1
2019,Louisiana,1
2019,Louisiana,1
2019,Louisiana,1
2019,Louisiana,1
2019,Louisiana,1
2019,Louisiana,1
2019,Louisiana,1
2019,Louisiana,1
2019,Louisiana,1
2019,Louisiana,1
2019,Louisiana,1
2019,Louisiana,1
2019,Louisiana,1
2019,Louisiana,1
2020,Louisiana,1
2020,Louisiana,1
2020,Louisiana,1
2020,Louisiana,1
2020,Louisiana,1
2020,Louisiana,1
2020,Louisiana,1
2020,Louisiana,1
2020,Louisiana,1
2020,Louisiana,1
2020,Louisiana,1
2020,Louisiana,1
2020,Louisiana,1
2020,Louisiana,1
2020,Louisiana,1
2020,Louisiana,1
2020,Louisiana,1
2020,Louisiana,1
2020,Louisiana,1
2020,Louisiana,1
2020,Louisiana,1
2020,Louisiana,1
2020,Louisiana,1
2020,Louisiana,1
2020,Louisiana,1
2020,Louisiana,1
2020,Louisiana,1
2000,Utah,1
2000,Utah,1
2000,Utah,1
2000,Utah,1
2001,Utah,1
2001,Utah,1
2001,Utah,1
2002,Utah,1
2002,Utah,1
2002,Utah,1
2002,Utah,1
2002,Utah,1
2003,Utah,1
2003,Utah,1
2003,Utah,1
2003,Utah,1
2003,Utah,1
2003,Utah,1
2003,Utah,1
2004,Utah,1
2004,Utah,1
2004,Utah,1
2004,Utah,1
2004,Utah,1
2004,Utah,1
2004,Utah,1
2005,Utah,1
2005,Utah,1
2005,Utah,1
2005,Utah,1
2005,Utah,1
2005,Utah,1
2006,Utah,1
2006,Utah,1
2006,Utah,1
2006,Utah,1
2006,Utah,1
2007,Utah,1
2007,Utah,1
2007,Utah,1
2007,Utah,1
2007,Utah,1
2007,Utah,1
2007,Utah,1
2007,Utah,1
2007,Utah,1
2007,Utah,1
2007,Utah,1
2007,Utah,1
2007,Utah,1
2007,Utah,1
2007,Utah,1
2007,Utah,1
2008,Utah,1
2008,Utah,1
2008,Utah,1
2008,Utah,1
2008,Utah,1
2008,Utah,1
2008,Utah,1
2008,Utah,1
2008,Utah,1
2008,Utah,1
2009,Utah,1
2009,Utah,1
2009,Utah,1
2009,Utah,1
2009,Utah,1
2009,Utah,1
2009,Utah,1
2009,Utah,1
2009,Utah,1
2009,Utah,1
2009,Utah,1
2009,Utah,1
2010,Utah,1
2010,Utah,1
2010,Utah,1
2010,Utah,1
2010,Utah,1
2010,Utah,1
2010,Utah,1
2010,Utah,1
2010,Utah,1
2010,Utah,1
2010,Utah,1
2010,Utah,1
2010,Utah,1
2010,Utah,1
2011,Utah,1
2011,Utah,1
2011,Utah,1
2011,Utah,1
2011,Utah,1
2011,Utah,1
2011,Utah,1
2011,Utah,1
2011,Utah,1
2012,Utah,1
2012,Utah,1
2012,Utah,1
2012,Utah,1
2012,Utah,1
2012,Utah,1
2012,Utah,1
2012,Utah,1
2013,Utah,1
2013,Utah,1
2013,Utah,1
2013,Utah,1
2013,Utah,1
2013,Utah,1
2013,Utah,1
2013,Utah,1
2013,Utah,1
2014,Utah,1
2014,Utah,1
2014,Utah,1
2014,Utah,1
2014,Utah,1
2014,Utah,1
2014,Utah,1
2014,Utah,1
2014,Utah,1
2014,Utah,1
2014,Utah,1
2014,Utah,1
2014,Utah,1
2014,Utah,1
2014,Utah,1
2014,Utah,1
2014,Utah,1
2014,Utah,1
2014,Utah,1
2014,Utah,1
2014,Utah,1
2014,Utah,1
2014,Utah,1
2014,Utah,1
2014,Utah,1
2014,Utah,1
2014,Utah,1
2014,Utah,1
2015,Utah,1
2015,Utah,1
2015,Utah,1
2015,Utah,1
2015,Utah,1
2015,Utah,1
2015,Utah,1
2015,Utah,1
2015,Utah,1
2015,Utah,1
2015,Utah,1
2016,Utah,1
2016,Utah,1
2016,Utah,1
2016,Utah,1
2016,Utah,1
2016,Utah,1
2016,Utah,1
2016,Utah,1
2016,Utah,1
2016,Utah,1
2016,Utah,1
2016,Utah,1
2016,Utah,1
2017,Utah,1
2017,Utah,1
2017,Utah,1
2017,Utah,1
2017,Utah,1
2017,Utah,1
2017,Utah,1
2017,Utah,1
2017,Utah,1
2017,Utah,1
2017,Utah,1
2017,Utah,1
2017,Utah,1
2018,Utah,1
2018,Utah,1
2018,Utah,1
2018,Utah,1
2018,Utah,1
2018,Utah,1
2018,Utah,1
2018,Utah,1
2018,Utah,1
2018,Utah,1
2018,Utah,1
2018,Utah,1
2018,Utah,1
2018,Utah,1
2018,Utah,1
2018,Utah,1
2018,Utah,1
2018,Utah,1
2018,Utah,1
2018,Utah,1
2018,Utah,1
2018,Utah,1
2018,Utah,1
2018,Utah,1
2018,Utah,1
2019,Utah,1
2019,Utah,1
2019,Utah,1
2019,Utah,1
2019,Utah,1
2019,Utah,1
2019,Utah,1
2019,Utah,1
2019,Utah,1
2019,Utah,1
2019,Utah,1
2019,Utah,1
2019,Utah,1
2019,Utah,1
2020,Utah,1
2020,Utah,1
2020,Utah,1
2020,Utah,1
2020,Utah,1
2020,Utah,1
2020,Utah,1
2020,Utah,1
2020,Utah,1
2020,Utah,1
2020,Utah,1
2020,Utah,1
2020,Utah,1
2020,Utah,1
2020,Utah,1
2020,Utah,1
2020,Utah,1
2020,Utah,1
2020,Utah,1
